/out0 X,/out0 Y,/out1 X,/out1 Y,/Vin X,/Vin Y
0,0.2543763172394561,0,0.1825987478460999,0,0.6
5e-06,0.2571083929571014,5e-06,0.1826001173963376,5e-06,0.6007852689769532
1.5e-05,0.2637762699134703,1.5e-05,0.1826039729292666,1.5e-05,0.6023527078329628
2.994972532005258e-05,0.2763552302887945,2.994972532005258e-05,0.1826128556515683,2.994972532005258e-05,0.6046767753826463
4.994972532005257e-05,0.3022860416384889,4.994972532005257e-05,0.1826399345618977,4.994972532005257e-05,0.6077179138587729
6.994972532005257e-05,0.3556733752232362,6.994972532005257e-05,0.1827554541341198,6.994972532005257e-05,0.6106373362228885
7.494972532005257e-05,0.3807113389356458,7.494972532005257e-05,0.1828527752522613,7.494972532005257e-05,0.6113427255345453
8.494972532005257e-05,0.4691989852774873,8.494972532005257e-05,0.1836895366689779,8.494972532005257e-05,0.6127192373687633
8.707355176309771e-05,0.4964106119953266,8.707355176309771e-05,0.1844624175937059,8.707355176309771e-05,0.6130053020580101
8.808475951054923e-05,0.5103160886064084,8.808475951054923e-05,0.1856248262065825,8.808475951054923e-05,0.6131406940210116
8.923816007154402e-05,0.5266269005704211,8.923816007154402e-05,0.1889841184914732,8.923816007154402e-05,0.6132944764601037
8.949972453557472e-05,0.5305242479662881,8.949972453557472e-05,0.190312904563651,8.949972453557472e-05,0.6133292539118086
9.002285346363611e-05,0.538120298476741,9.002285346363611e-05,0.1928681309480324,9.002285346363611e-05,0.6133987007162949
9.047754555540753e-05,0.5449230642234082,9.047754555540753e-05,0.1956884397120379,9.047754555540753e-05,0.6134589447794402
9.092274313419925e-05,0.5515307421202565,9.092274313419925e-05,0.1986227404682203,9.092274313419925e-05,0.6135178244435101
9.149381874335917e-05,0.5602260648418119,9.149381874335917e-05,0.2033077263589465,9.149381874335917e-05,0.6135931971991005
9.211943273974404e-05,0.5697493305600619,9.211943273974404e-05,0.2094399697840652,9.211943273974404e-05,0.6136755672244263
9.288126505785026e-05,0.5815952145548061,9.288126505785026e-05,0.2195964060730382,9.288126505785026e-05,0.6137755866649813
9.377202732040794e-05,0.5955084454446524,9.377202732040794e-05,0.2397973561372601,9.377202732040794e-05,0.6138921326133994
9.412498988847534e-05,0.6011266877262579,9.412498988847534e-05,0.255287168479071,9.412498988847534e-05,0.6139381935104586
9.451133524775239e-05,0.6072112855195932,9.451133524775239e-05,0.2870307484294499,9.451133524775239e-05,0.6139885322011382
9.465259600846169e-05,0.6094885592853591,9.465259600846169e-05,0.3092356737098734,9.465259600846169e-05,0.6140069171431347
9.482626347238864e-05,0.6122210528713209,9.482626347238864e-05,0.3599381145389828,9.482626347238864e-05,0.6140295046607825
9.494979181760622e-05,0.6142061823918903,9.494979181760622e-05,0.4356221800003228,9.494979181760622e-05,0.6140455608250034
9.508688803969736e-05,0.6163615907866776,9.508688803969736e-05,0.587469192231363,9.508688803969736e-05,0.6140633706296859
9.521364291780451e-05,0.6183724555159055,9.521364291780451e-05,0.781957347974264,9.521364291780451e-05,0.6140798277340768
9.525718634082152e-05,0.6190448701153546,9.525718634082152e-05,0.8563562698641247,9.525718634082152e-05,0.61408547909444
9.534427318685553e-05,0.6204198858282676,9.534427318685553e-05,1.003705031023377,9.534427318685553e-05,0.6140967786517539
9.543936639616552e-05,0.6219785486784598,9.543936639616552e-05,1.149026135558461,9.543936639616552e-05,0.6141091122175867
9.546530113755269e-05,0.6224341706164026,9.546530113755269e-05,1.183569777710785,9.546530113755269e-05,0.6141124750731717
9.551717062032703e-05,0.6233568129732426,9.551717062032703e-05,1.242958620475483,9.551717062032703e-05,0.6141191996600408
9.554014263797433e-05,0.6237584924614038,9.554014263797433e-05,1.264715449153765,9.554014263797433e-05,0.6141221773738782
9.558608667326893e-05,0.6245339234891166,9.558608667326893e-05,1.299109340569157,9.558608667326893e-05,0.6141281319188563
9.564842526249745e-05,0.6254821170540174,9.564842526249745e-05,1.327889523096029,9.564842526249745e-05,0.6141362093861058
9.572853483928045e-05,0.6266343813219313,9.572853483928045e-05,1.346466351435837,9.572853483928045e-05,0.6141465863288609
9.58021967028996e-05,0.6277337536040546,9.58021967028996e-05,1.359686516579912,9.58021967028996e-05,0.614156124908276
9.582387349557711e-05,0.6280709215258508,9.582387349557711e-05,1.364198051048615,9.582387349557711e-05,0.6141589312895788
9.586722708093211e-05,0.6287496281035088,9.586722708093211e-05,1.373372536232265,9.586722708093211e-05,0.614164543264177
9.592963671876706e-05,0.6297043957147562,9.592963671876706e-05,1.385206756977678,9.592963671876706e-05,0.614172620134517
9.600951906981359e-05,0.6308626885086264,9.600951906981359e-05,1.396121789095491,9.600951906981359e-05,0.6141829550915576
9.61188370777913e-05,0.6323562183285074,9.61188370777913e-05,1.4042369476927,9.61188370777913e-05,0.6141970925613192
9.625019435091846e-05,0.6341425164410613,9.625019435091846e-05,1.408228986988251,9.625019435091846e-05,0.6142140713823854
9.645264966965156e-05,0.63707709131482,9.645264966965156e-05,1.410474234166833,9.645264966965156e-05,0.6142402211435585
9.659916857627375e-05,0.6394402226118339,9.659916857627375e-05,1.411164928084748,9.659916857627375e-05,0.6142591316129634
9.674926301728813e-05,0.6421299342652753,9.674926301728813e-05,1.411595003232701,9.674926301728813e-05,0.6142784910279641
9.678378192309246e-05,0.6429040437102573,9.678378192309246e-05,1.411629118513659,9.678378192309246e-05,0.6142829415347681
9.685281973470113e-05,0.6445399780541734,9.685281973470113e-05,1.41160545402155,9.685281973470113e-05,0.6142918405325282
9.693348746446623e-05,0.6460724180473341,9.693348746446623e-05,1.411565244842173,9.693348746446623e-05,0.6143022352237658
9.701163822331409e-05,0.647332913570557,9.701163822331409e-05,1.41160713109349,9.701163822331409e-05,0.6143123020788827
9.709203522772013e-05,0.6486742340828677,9.709203522772013e-05,1.411666712633391,9.709203522772013e-05,0.6143226546790864
9.725282923653219e-05,0.651286915416786,9.725282923653219e-05,1.411779833963565,9.725282923653219e-05,0.614343348912469
9.745328884989793e-05,0.6545608666069072,9.745328884989793e-05,1.411892503009662,9.745328884989793e-05,0.6143691276145993
9.78503446929909e-05,0.6610243977342736,9.78503446929909e-05,1.412043034964332,9.78503446929909e-05,0.6144201208644873
9.834537510935766e-05,0.66908630272853,9.834537510935766e-05,1.412164597521104,9.834537510935766e-05,0.614483571095812
9.914341915367501e-05,0.6821049505262869,9.914341915367501e-05,1.412276793267205,9.914341915367501e-05,0.6145855646340963
0.0001003093489981764,0.701116161053611,0.0001003093489981764,1.412372185862535,0.0001003093489981764,0.6147339156239585
0.0001019135667230136,0.72723288404835,0.0001019135667230136,1.412438197642174,0.0001019135667230136,0.6149367395719788
0.0001040695037527466,0.7620132828314884,0.0001040695037527466,1.412491232788431,0.0001040695037527466,0.6152069244814439
0.0001072985629365376,0.8129240786342774,0.0001072985629365376,1.412527829414534,0.0001072985629365376,0.615606359781642
0.0001111777577888464,0.8709811553258051,0.0001111777577888464,1.412555512000985,0.0001111777577888464,0.6160777084263651
0.0001174316957762531,0.9542658578841512,0.0001174316957762531,1.412572581405524,0.0001174316957762531,0.6168173756367986
0.0001242410895160097,1.027756516173501,0.0001242410895160097,1.412585798731995,0.0001242410895160097,0.6175931751163183
0.0001360163698266358,1.118196790552274,0.0001360163698266358,1.412591826917768,0.0001360163698266358,0.61885797274118
0.0001471044317035385,1.175298741302363,0.0001471044317035385,1.412599319702168,0.0001471044317035385,0.6199547472067715
0.0001597175315980196,1.220984275944527,0.0001597175315980196,1.412599284093997,0.0001597175315980196,0.6210843902529932
0.0001740529035380706,1.257600872790866,0.0001740529035380706,1.412604907760083,0.0001740529035380706,0.6222072291336671
0.0001904390584403406,1.286630117083889,0.0001904390584403406,1.412603257694911,0.0001904390584403406,0.6232697121630739
0.00020770951698924,1.30696642886298,0.00020770951698924,1.412608069527109,0.00020770951698924,0.6241225988510484
0.0002267346534683152,1.320210474583595,0.0002267346534683152,1.412605373828555,0.0002267346534683152,0.6247333661381275
0.0002465663068679301,1.325571204952824,0.0002465663068679301,1.412609818005641,0.0002465663068679301,0.6249941819712403
0.0002665663068679301,1.322939287829319,0.0002665663068679301,1.412606365158104,0.0002665663068679301,0.6248646902778514
0.0002865663068679301,1.311884171361477,0.0002865663068679301,1.412610558188462,0.0002865663068679301,0.6243430675653349
0.0003065663068679301,1.290852699503406,0.0003065663068679301,1.412606423680822,0.0003065663068679301,0.6234375401354691
0.0003265663068679301,1.256322874100397,0.0003265663068679301,1.412610272826832,0.0003265663068679301,0.6221623886967593
0.0003465663068679301,1.200317152745709,0.0003465663068679301,1.412604999892515,0.0003465663068679301,0.6205377231491324
0.0003665663068679301,1.101842421377522,0.0003665663068679301,1.41260688536197,0.0003665663068679301,0.6185891654388025
0.0003865663068679301,0.9035937318220594,0.0003865663068679301,1.412594020616993,0.0003865663068679301,0.6163474454848734
0.0004013274588836319,0.6754291525112955,0.0004013274588836319,1.412554803762793,0.0004013274588836319,0.6145254285396315
0.000402285767089498,0.6597566615423612,0.000402285767089498,1.412528004522799,0.000402285767089498,0.6144026503387134
0.0004027649211924311,0.6520253961963292,0.0004027649211924311,1.412510026057147,0.0004027649211924311,0.6143410651458527
0.0004030044982438976,0.6481175681146247,0.0004030044982438976,1.412488416558866,0.0004030044982438976,0.6143102237703384
0.0004032793605378315,0.6437668830681368,0.0004032793605378315,1.412429085575092,0.0004032793605378315,0.6142748000966319
0.0004034622906856096,0.6409901368637345,0.0004034622906856096,1.412310209992529,0.0004034622906856096,0.6142512008409958
0.0004036967543550795,0.637767625814583,0.0004036967543550795,1.411917160402313,0.0004036967543550795,0.6142209258787582
0.0004038610169232521,0.6351696550150346,0.0004038610169232521,1.41157113946681,0.0004038610169232521,0.6141996971968753
0.0004040808302510388,0.6321250974129743,0.0004040808302510388,1.411033056679133,0.0004040808302510388,0.6141712656823748
0.0004041344527564888,0.6309110141835761,0.0004041344527564888,1.410885322620633,0.0004041344527564888,0.6141643258344903
0.0004042416977673889,0.6294358914609643,0.0004042416977673889,1.410542639198294,0.0004042416977673889,0.6141504413159113
0.0004042835809494887,0.6283738293544133,0.0004042835809494887,1.410407510522148,0.0004042835809494887,0.6141450171478919
0.0004043005068512312,0.6280873687813483,0.0004043005068512312,1.410352441287636,0.0004043005068512312,0.6141428248460742
0.0004043343586547164,0.6270999424972696,0.0004043343586547164,1.410243712261268,0.0004043343586547164,0.6141384397625965
0.0004043369319449646,0.6269812356419859,0.0004043369319449646,1.410237923895889,0.0004043369319449646,0.6141381063984327
0.000404342078525461,0.6269030981747613,0.000404342078525461,1.41021927132373,0.000404342078525461,0.6141374396590172
0.0004043478887444454,0.6267138761152302,0.0004043478887444454,1.410197192493415,0.0004043478887444454,0.6141366869274815
0.0004043540655840796,0.6266140692275003,0.0004043540655840796,1.410133042135944,0.0004043540655840796,0.6141358866784645
0.0004043557058168426,0.6265365499052601,0.0004043557058168426,1.410091760211276,0.0004043557058168426,0.6141356741722587
0.0004043589862823687,0.6264848612194288,0.0004043589862823687,1.409872131407181,0.0004043589862823687,0.6141352491553428
0.0004043619005533675,0.6263915470089657,0.0004043619005533675,1.409485082293336,0.0004043619005533675,0.6141348715775306
0.0004043633576888669,0.6263716735625028,0.0004043633576888669,1.409216814724119,0.0004043633576888669,0.6141346827868472
0.0004043662719598657,0.6262872436737363,0.0004043662719598657,1.408483943318256,0.0004043662719598657,0.6141343052019262
0.0004043705357322516,0.6261832161855467,0.0004043705357322516,1.406768349116295,0.0004043705357322516,0.6141337527615234
0.0004043765686101879,0.6259993809863018,0.0004043765686101879,1.402513792429715,0.0004043765686101879,0.6141329710876657
0.0004043868694377511,0.6256683200354159,0.0004043868694377511,1.389578135048501,0.0004043868694377511,0.6141316363729792
0.0004043896062622901,0.6255677231115981,0.0004043896062622901,1.385021732753119,0.0004043896062622901,0.6141312817429833
0.000404395079911368,0.6253930718404146,0.000404395079911368,1.375257495950618,0.000404395079911368,0.6141305724704557
0.0004044039773060164,0.6251394614913816,0.0004044039773060164,1.359158354506169,0.0004044039773060164,0.6141294195151388
0.0004044168868022904,0.6248759406424593,0.0004044168868022904,1.338820713462048,0.0004044168868022904,0.6141277465792366
0.0004044301007895293,0.6246672727717214,0.0004044301007895293,1.323762610084492,0.0004044301007895293,0.6141260340882204
0.0004044454082895655,0.6244870530899259,0.0004044454082895655,1.313093462757376,0.0004044454082895655,0.6141240501628198
0.0004044645504227879,0.6242860372066915,0.0004044645504227879,1.306768334262113,0.0004044645504227879,0.614121569066724
0.0004044971953603595,0.6239455834602939,0.0004044971953603595,1.304354308457113,0.0004044971953603595,0.614117337341527
0.0004045328548835402,0.623476854995305,0.0004045328548835402,1.303866780756943,0.0004045328548835402,0.6141127141603726
0.0004045764032369366,0.6227663631597836,0.0004045764032369366,1.295689805832651,0.0004045764032369366,0.614107067248318
0.0004046273428587911,0.6218655528210124,0.0004046273428587911,1.273711577052253,0.0004046273428587911,0.6141004605707204
0.0004046744737975939,0.6210934406255593,0.0004046744737975939,1.248820654816385,0.0004046744737975939,0.614094346578498
0.0004047442407879866,0.619990241395258,0.0004047442407879866,1.213509143469701,0.0004047442407879866,0.6140852938887064
0.0004048103317606351,0.618942227467412,0.0004048103317606351,1.177582384783391,0.0004048103317606351,0.6140767156880154
0.0004049118791380337,0.6173097947151857,0.0004049118791380337,1.107382625798063,0.0004049118791380337,0.6140635307350191
0.0004050265413180187,0.615485754367548,0.0004050265413180187,1.002448700539617,0.0004050265413180187,0.6140486360688998
0.0004052179859138659,0.6124202874483328,0.0004052179859138659,0.7616387402292377,0.0004052179859138659,0.6140237510870417
0.0004053230487474656,0.6107415202069463,0.0004053230487474656,0.6090974460823806,0.0004053230487474656,0.6140100858381438
0.0004054731546403877,0.6083386909914635,0.0004054731546403877,0.4222413263357602,0.0004054731546403877,0.6139905513649784
0.0004055785533175905,0.606662006668425,0.0004055785533175905,0.3366991175252882,0.0004055785533175905,0.6139768275591688
0.0004056947153432015,0.6048073465088415,0.0004056947153432015,0.2913313792683078,0.0004056947153432015,0.6139616951733228
0.0004058035365684709,0.6030812851690154,0.0004058035365684709,0.274270369351912,0.0004058035365684709,0.6139475123234519
0.0004059173253387133,0.6012706512899623,0.0004059173253387133,0.2638225583216344,0.0004059173253387133,0.6139326750715381
0.0004060376644956117,0.5993674928138967,0.0004060376644956117,0.2556614108130939,0.0004060376644956117,0.6139169759470092
0.0004062286240422222,0.5963427087376363,0.0004062286240422222,0.2459901508387802,0.0004062286240422222,0.6138920475486703
0.0004065534327871784,0.5912266189735075,0.0004065534327871784,0.2345390758839804,0.0004065534327871784,0.6138496001787078
0.0004070122058645755,0.5840292932924792,0.0004070122058645755,0.2238894870753736,0.0004070122058645755,0.6137895475526431
0.0004076484276173841,0.5741388851539727,0.0004076484276173841,0.2139002714416559,0.0004076484276173841,0.6137060776724077
0.0004085109050261587,0.5608865864876413,0.0004085109050261587,0.2044413251326952,0.0004085109050261587,0.6135925744543301
0.0004095967478619704,0.5445215059859821,0.0004095967478619704,0.1959969806975123,0.0004095967478619704,0.6134491088279072
0.000411123155432785,0.5222109808578109,0.000411123155432785,0.1882239499295926,0.000411123155432785,0.6132463771307568
0.0004114704607881497,0.5173102387047822,0.0004114704607881497,0.1870390222265272,0.0004114704607881497,0.6132000785180337
0.0004121650714988792,0.5075278349549273,0.0004121650714988792,0.1853944948773251,0.0004121650714988792,0.6131072929400172
0.0004129624799229589,0.4966247131148541,0.0004129624799229589,0.1845223486283712,0.0004129624799229589,0.6130004680079281
0.0004136144312744991,0.4879368413321892,0.0004136144312744991,0.1841715655930044,0.0004136144312744991,0.6129128866498447
0.0004143891259122803,0.4779589786623541,0.0004143891259122803,0.1838790347232054,0.0004143891259122803,0.6128085347071346
0.0004154100751870741,0.4653437156066218,0.0004154100751870741,0.1836242250611107,0.0004154100751870741,0.612670548979947
0.0004166972838228969,0.4504532269243822,0.0004166972838228969,0.1834078414948545,0.0004166972838228969,0.6124958347653411
0.0004192717010945424,0.4241801987834541,0.0004192717010945424,0.1831290162033973,0.0004192717010945424,0.6121439656975609
0.0004214736452660334,0.4053911721325789,0.0004214736452660334,0.1829914681152599,0.0004214736452660334,0.6118404813103313
0.0004258775336090156,0.3761492655235624,0.0004258775336090156,0.1828349744347672,0.0004258775336090156,0.6112267718877354
0.0004300404314332947,0.3558377022958807,0.0004300404314332947,0.1827540647976865,0.0004300404314332947,0.6106387354301026
0.000438033019998344,0.328486591989476,0.000438033019998344,0.1826875333771398,0.000438033019998344,0.6094896790217645
0.0004462584460844463,0.3093167957518117,0.0004462584460844463,0.1826467022457531,0.0004462584460844463,0.6082821954349134
0.0004576779769250391,0.2906798620774817,0.0004576779769250391,0.1826293789509226,0.0004576779769250391,0.6065698564323494
0.0004726330521074599,0.2738962925892705,0.0004726330521074599,0.182607742082875,0.0004726330521074599,0.6042776374429919
0.0004926330521074599,0.2586939212691145,0.0004926330521074599,0.1826042061622227,0.0004926330521074599,0.601156784283848
0.0005126330521074599,0.2481019537456653,0.0005126330521074599,0.1825926555479953,0.0005126330521074599,0.5980176879455184
0.00053263305210746,0.2402901110895322,0.00053263305210746,0.1825958240790536,0.00053263305210746,0.5949098538524636
0.00055263305210746,0.234283309747062,0.00055263305210746,0.1825875460001245,0.00055263305210746,0.5918822944048615
0.0005726330521074601,0.2295683210630563,0.0005726330521074601,0.1825923102145681,0.0005726330521074601,0.588982756023777
0.0005926330521074601,0.2257730352731084,0.0005926330521074601,0.1825851667731272,0.0005926330521074601,0.5862569661615802
0.0006126330521074602,0.2227190862965006,0.0006126330521074602,0.1825904719033613,0.0006126330521074602,0.5837479121527056
0.0006326330521074602,0.2202305756872304,0.0006326330521074602,0.1825838849551747,0.0006326330521074602,0.5814951632777096
0.0006526330521074603,0.218253260634162,0.0006526330521074603,0.1825894063093802,0.0006526330521074603,0.5795342467320777
0.0006726330521074603,0.216687648245941,0.0006726330521074603,0.1825831753289428,0.0006726330521074603,0.5778960873411293
0.0006926330521074604,0.2155269814161832,0.0006926330521074604,0.182588788408728,0.0006926330521074604,0.5766065198570487
0.0007126330521074604,0.2147105626801989,0.0007126330521074604,0.1825828307704466,0.0007126330521074604,0.5756858815294101
0.0007326330521074605,0.2142581142625649,0.0007326330521074605,0.1825884858753616,0.0007326330521074605,0.5751486913746031
0.0007526330521074605,0.2141256490245793,0.0007526330521074605,0.182582769202236,0.0007526330521074605,0.5750034212022709
0.0007726330521074606,0.2143463287297939,0.0007726330521074606,0.1825884510489075,0.0007726330521074606,0.5752523620098111
0.0007926330521074607,0.2148885935148826,0.0007926330521074607,0.1825829697433562,0.0007926330521074607,0.575891587851979
0.0008126330521074607,0.215798234892314,0.0008126330521074607,0.1825886870310443,0.0008126330521074607,0.5769110177553886
0.0008326330521074608,0.2170576609872685,0.0008326330521074608,0.1825834599083445,0.0008326330521074608,0.578294574701485
0.0008526330521074608,0.2187308756232787,0.0008526330521074608,0.1825892494280997,0.0008526330521074608,0.5800204391707316
0.0008726330521074609,0.2208308951467493,0.0008726330521074609,0.1825843330880555,0.0008726330521074609,0.582061393249467
0.0008926330521074609,0.2234623457018952,0.0008926330521074609,0.1825902874554605,0.0008926330521074609,0.5843852498726625
0.000912633052107461,0.2266900435239749,0.000912633052107461,0.182585822123085,0.000912633052107461,0.5869553604331657
0.000932633052107461,0.2307071353710194,0.000932633052107461,0.1825921680923025,0.000932633052107461,0.5897311927521278
0.0009526330521074611,0.2357176020519038,0.0009526330521074611,0.1825885290108578,0.0009526330521074611,0.592668970295677
0.0009726330521074611,0.2421385733503029,0.0009726330521074611,0.1825959319993665,0.0009726330521074611,0.5957223625570082
0.0009926330521074611,0.2505560999598186,0.0009926330521074611,0.1825943720216644,0.0009926330521074611,0.5988432157161522
0.001012633052107461,0.2621242913267818,0.001012633052107461,0.1826054827896518,0.001012633052107461,0.6019823120544818
0.001032633052107461,0.2790788088326078,0.001032633052107461,0.1826126146153818,0.001032633052107461,0.6050901461475364
0.001052633052107461,0.3071303840077621,0.001052633052107461,0.1826490824694894,0.001052633052107461,0.6081177055951386
0.001072633052107461,0.368054640581589,0.001072633052107461,0.1827967267994519,0.001072633052107461,0.611017243976223
0.001077633052107461,0.3983630080685528,0.001077633052107461,0.182947444809009,0.001077633052107461,0.6117167117703753
0.001080133052107461,0.4184419444537202,0.001080133052107461,0.1830804677755678,0.001080133052107461,0.6120621522552703
0.001085133052107461,0.4713989943711624,0.001085133052107461,0.1837268409297275,0.001085133052107461,0.6127440202603738
0.001086472805593292,0.488479332495514,0.001086472805593292,0.1841474041543684,0.001086472805593292,0.6129246184007132
0.001087142682336207,0.4973642013887937,0.001087142682336207,0.1845273601042314,0.001087142682336207,0.6130145748241717
0.001088482435822037,0.5158684206920531,0.001088482435822037,0.1864714613779319,0.001088482435822037,0.6131937944096625
0.00108946148699264,0.5299043517896236,0.00108946148699264,0.1900581618195157,0.00108946148699264,0.6133241721159794
0.001089698642258115,0.533410544348993,0.001089698642258115,0.1912404775915223,0.001089698642258115,0.6133556777957028
0.001090172952789064,0.5403529062172677,0.001090172952789064,0.1937816044082798,0.001090172952789064,0.6134186001216533
0.001090818000160509,0.5500011883457446,0.001090818000160509,0.1979296036490743,0.001090818000160509,0.6135039811460131
0.00109166049735143,0.5627238498715662,0.00109166049735143,0.2047977619654802,0.00109166049735143,0.6136151631314963
0.001093059138932427,0.5843618439999041,0.001093059138932427,0.2226490707354419,0.001093059138932427,0.613798894003222
0.001094061161229888,0.6000811665472495,0.001094061161229888,0.2518347759915521,0.001094061161229888,0.6139298690712771
0.00109436910073866,0.6049852988927195,0.00109436910073866,0.2722511350096397,0.00109436910073866,0.6139700093927928
0.001094523070493045,0.6074084477652293,0.001094523070493045,0.2885309758360248,0.001094523070493045,0.6139900599510926
0.001094831010001817,0.6123160263581404,0.001094831010001817,0.3667582911546228,0.001094831010001817,0.6140301217689491
0.001094978525808046,0.6146502059718694,0.001094978525808046,0.4639102843595062,0.001094978525808046,0.6140492944447937
0.00109513883471793,0.6171893395525667,0.00109513883471793,0.6622927235807829,0.00109513883471793,0.6140701161587961
0.001095272435896999,0.6192925106688695,0.001095272435896999,0.8814181354754892,0.001095272435896999,0.6140874580358711
0.001095309686010854,0.6198625543092409,0.001095309686010854,0.9455275331824353,0.001095309686010854,0.6140922914552411
0.001095384186238564,0.6210679368016113,0.001095384186238564,1.067991416315251,0.001095384186238564,0.614101955977827
0.00109547736571412,0.6226376494050408,0.00109547736571412,1.198473600411182,0.00109547736571412,0.6141140393115085
0.001095501621442148,0.6230806651590971,0.001095501621442148,1.226450066242955,0.001095501621442148,0.6141171839538607
0.001095550132898204,0.6239250979010655,0.001095550132898204,1.272911489991005,0.001095550132898204,0.6141234722548033
0.001095647155810317,0.625489394072909,0.001095647155810317,1.328622464144266,0.001095647155810317,0.6141360449195967
0.001095731014096841,0.626677591068309,0.001095731014096841,1.348199845878826,0.001095731014096841,0.6141469074207383
0.001095814979964611,0.6279240109602549,0.001095814979964611,1.362150887126057,0.001095814979964611,0.6141577799222759
0.001095837025623759,0.6282624835400069,0.001095837025623759,1.366557128825551,0.001095837025623759,0.6141606338990034
0.001095881116942053,0.6289547119174304,0.001095881116942053,1.375635005185095,0.001095881116942053,0.6141663410373057
0.001095951406961498,0.6300210378410296,0.001095951406961498,1.388280684355554,0.001095951406961498,0.6141754370621795
0.001096069533945576,0.6316969098940584,0.001096069533945576,1.401364403964405,0.001096069533945576,0.6141907172993636
0.001096193016005205,0.6333592634308057,0.001096193016005205,1.406959565829436,0.001096193016005205,0.6142066818816218
0.001096349780883713,0.6355547906280982,0.001096349780883713,1.409611796470733,0.001096349780883713,0.6142269371668716
0.001096533826852168,0.6383519796382041,0.001096533826852168,1.410885117320444,0.001096533826852168,0.6142506997723471
0.00109667626083617,0.6407894353765228,0.00109667626083617,1.41142442710304,0.00109667626083617,0.6142690766779697
0.001096713563933035,0.6414645859073675,0.001096713563933035,1.41151510382286,0.001096713563933035,0.614273887654784
0.001096788170126766,0.6430100081543502,0.001096788170126766,1.411623964371963,0.001096788170126766,0.6142835072557383
0.001096877936189187,0.6450701095594695,0.001096877936189187,1.411588070901154,0.001096877936189187,0.6142950773851352
0.001096902164928208,0.6455192982744735,0.001096902164928208,1.411571745758355,0.001096902164928208,0.6142981994971306
0.001096950622406249,0.6463208049247962,0.001096950622406249,1.411573730140082,0.001096950622406249,0.6143044427269628
0.00109701617981324,0.6474242797018679,0.00109701617981324,1.411612449523209,0.00109701617981324,0.6143128869898745
0.00109711802277775,0.6490856545615398,0.00109711802277775,1.411685444354311,0.00109711802277775,0.6143260002749558
0.001097319864745635,0.6523920375146242,0.001097319864745635,1.411820316223443,0.001097319864745635,0.614351972078139
0.00109757761965837,0.6565762973499614,0.00109757761965837,1.411947643618274,0.00109757761965837,0.6143851048549028
0.001098022497535032,0.6638352581146761,0.001098022497535032,1.412091242623805,0.001098022497535032,0.6144422023062704
0.001098644770402035,0.6739615976231624,0.001098644770402035,1.412214891196767,0.001098644770402035,0.6145218779507354
0.001099529175720426,0.6884021368242912,0.001099529175720426,1.412314867784892,0.001099529175720426,0.6146347347024352
0.001100884584380969,0.7104875757055219,0.001100884584380969,1.412400858093288,0.001100884584380969,0.6148068168246958
0.001102671064190318,0.7395093973704331,0.001102671064190318,1.412460512147722,0.001102671064190318,0.6150319850452244
0.001105460785398544,0.7841624108874934,0.001105460785398544,1.412510195304683,0.001105460785398544,0.6153798034634326
0.001108786247324399,0.8356664365309877,0.001108786247324399,1.41254036532491,0.001108786247324399,0.6157882349296799
0.001114104399441839,0.9117376371281991,0.001114104399441839,1.41256529838535,0.001114104399441839,0.6164270093494356
0.001120334191105992,0.9878030755400875,0.001120334191105992,1.412579046300952,0.001120334191105992,0.6171519068204899
0.001130579263940564,1.08129210946144,0.001130579263940564,1.412589920485907,0.001130579263940564,0.618286382170707
0.00114198573063907,1.151421635347709,0.00114198573063907,1.412596153791689,0.00114198573063907,0.6194601505372371
0.001154902006116996,1.205408831588204,0.001154902006116996,1.412599665194846,0.001154902006116996,0.6206683583767768
0.001168188988982338,1.244106918789556,0.001168188988982338,1.412602515817585,0.001168188988982338,0.6217692057873311
0.001184615999758589,1.277597806596347,0.001184615999758589,1.412604377496478,0.001184615999758589,0.6229198434719327
0.001204615999758589,1.303934487866534,0.001204615999758589,1.412606008283152,0.001204615999758589,0.6239904439232365
0.001224615999758589,1.319174179085596,0.001224615999758589,1.412607244793682,0.001224615999758589,0.6246827007426744
0.001244615999758589,1.32537523573894,0.001244615999758589,1.412607686684265,0.001244615999758589,0.6249856966266695
0.001264615999758589,1.323576750398737,0.001264615999758589,1.412608511808239,0.001264615999758589,0.6248946531491304
0.001284615999758589,1.313339850447039,0.001284615999758589,1.412608167364993,0.001284615999758589,0.6244110061200845
0.001304615999758589,1.29344723480418,0.001304615999758589,1.412608729599773,0.001304615999758589,0.6235423829420967
0.001324615999758589,1.260417679488951,0.001324615999758589,1.412607783750388,0.001324615999758589,0.6223024823215741
0.001344615999758589,1.207178818069031,0.001344615999758589,1.412607676385914,0.001344615999758589,0.6207108582319831
0.001364615999758589,1.114440388747632,0.001364615999758589,1.412604724680321,0.001364615999758589,0.6187926115360068
0.001384615999758589,0.9295711943338926,0.001384615999758589,1.412597988040737,0.001384615999758589,0.6165779941299457
0.001399800407674849,0.7002394416951809,0.001399800407674849,1.412567097996809,0.001399800407674849,0.6147199839566051
0.001400803071594855,0.6840405887272929,0.001400803071594855,1.412559571087843,0.001400803071594855,0.6145923902614582
0.001402808399434868,0.6512166277813218,0.001402808399434868,1.412508445177397,0.001402808399434868,0.6143354704903983
0.001402985171259828,0.6484627302713764,0.001402985171259828,1.412492465330595,0.001402985171259828,0.6143127129865035
0.001403338714909747,0.6428237301611577,0.001403338714909747,1.412403183789862,0.001403338714909747,0.6142671450369285
0.001403502509743809,0.6404272216216746,0.001403502509743809,1.412257828420637,0.001403502509743809,0.6142460097782395
0.001403719873913065,0.6374178984262509,0.001403719873913065,1.411870188483757,0.001403719873913065,0.6142179389087642
0.001403893383012041,0.6347721700804237,0.001403893383012041,1.411503211278531,0.001403893383012041,0.6141955125397195
0.001404165915666473,0.6306665890385857,0.001404165915666473,1.410797424467302,0.001404165915666473,0.6141602531425209
0.001404242588460111,0.6291800325785283,0.001404242588460111,1.410549894614087,0.001404242588460111,0.6141503259751075
0.001404280924856929,0.6285783728356051,0.001404280924856929,1.4104171821965,0.001404280924856929,0.6141453611597409
0.001404302069397476,0.6280025536862531,0.001404302069397476,1.41035107006232,0.001404302069397476,0.6141426224515704
0.001404310568344797,0.6277179431069636,0.001404310568344797,1.410324680815292,0.001404310568344797,0.614141521570536
0.001404327566239438,0.6273226843394278,0.001404327566239438,1.410268036363832,0.001404327566239438,0.6141393196874922
0.001404335302702903,0.6270492793785519,0.001404335302702903,1.410245112003551,0.001404335302702903,0.6141383174636332
0.001404339170934635,0.6269758152994034,0.001404339170934635,1.410231921326342,0.001404339170934635,0.6141378163391759
0.0014043469073981,0.6267436350869484,0.0014043469073981,1.410204463249986,0.0014043469073981,0.6141368140652067
0.001404353233889056,0.6266130904007619,0.001404353233889056,1.410158177304665,0.001404353233889056,0.6141359944311061
0.001404354822570924,0.6265581756444077,0.001404354822570924,1.410132265968292,0.001404354822570924,0.6141357886045206
0.00140435799993466,0.6264920027147464,0.00140435799993466,1.409974257982805,0.00140435799993466,0.6141353769471238
0.001404360971184669,0.6264148568790652,0.001404360971184669,1.409638762751624,0.001404360971184669,0.6141349919886042
0.001404365104291346,0.6263194680142593,0.001404365104291346,1.408792336642703,0.001404365104291346,0.6141344564904248
0.001404368687436669,0.6262232577277994,0.001404368687436669,1.407583041188605,0.001404368687436669,0.6141339922392381
0.001404373125688718,0.6261038816917337,0.001404373125688718,1.405169761287747,0.001404373125688718,0.6141334171859861
0.001404381219413022,0.6258484092106742,0.001404381219413022,1.397342676776047,0.001404381219413022,0.6141323684740116
0.001404391166474606,0.6255168645382412,0.001404391166474606,1.382187585416944,0.001404391166474606,0.6141310795732068
0.001404393621031924,0.6254334566545485,0.001404393621031924,1.377740788705132,0.001404393621031924,0.6141307615129095
0.001404398530146559,0.6252850574233286,0.001404398530146559,1.368689437142061,0.001404398530146559,0.614130125382232
0.001404408348375831,0.6250373782217196,0.001404408348375831,1.351465078349861,0.001404408348375831,0.6141288530805471
0.001404420440279324,0.6248135072760328,0.001404420440279324,1.333989875386316,0.001404420440279324,0.6141272860694076
0.001404434716483717,0.6246097697193906,0.001404434716483717,1.319783418024129,0.001404434716483717,0.6141254358858822
0.001404450868692393,0.6244281504727054,0.001404450868692393,1.310651943811176,0.001404450868692393,0.614123342436815
0.001404473401009598,0.6241995914319401,0.001404473401009598,1.305502961089353,0.001404473401009598,0.6141204218341698
0.001404506792177793,0.6238315971575753,0.001404506792177793,1.304534939807238,0.001404506792177793,0.6141160932042968
0.001404544501307168,0.6233003377682803,0.001404544501307168,1.302799539127081,0.001404544501307168,0.6141112040728892
0.001404590055599901,0.6225224747403278,0.001404590055599901,1.29085078743188,0.001404590055599901,0.6141052967298529
0.001404637982400075,0.6216861779135496,0.001404637982400075,1.26801904899556,0.001404637982400075,0.6140990804798053
0.001404687447341326,0.6208869365671557,0.001404687447341326,1.242162321584394,0.001404687447341326,0.6140926633875166
0.001404754473909139,0.619830992989687,0.001404754473909139,1.208441074842055,0.001404754473909139,0.6140839658515709
0.001404819798577331,0.6187873692440182,0.001404819798577331,1.17180785404705,0.001404819798577331,0.6140754867547987
0.001404924765113407,0.6171064826341346,0.001404924765113407,1.096966379405787,0.001404924765113407,0.6140618572052475
0.001405050583539637,0.6150995038146362,0.001405050583539637,0.9763274566145136,0.001405050583539637,0.6140455120490323
0.001405238571995816,0.6120928865836865,0.001405238571995816,0.7325584063529426,0.001405238571995816,0.614021073990236
0.001405344161041312,0.6104015310582309,0.001405344161041312,0.5801104834425813,0.001405344161041312,0.6140073390802439
0.001405484954457712,0.6081526238660067,0.001405484954457712,0.4104248517805452,0.001405484954457712,0.6139890152331202
0.001405589303919689,0.6064884879222746,0.001405589303919689,0.3306319521577299,0.001405589303919689,0.6139754273945762
0.001405706868122489,0.6046160323668994,0.001405706868122489,0.2886476511675687,0.001405706868122489,0.613960111605185
0.001405815532419884,0.6028887325384427,0.001405815532419884,0.272950091625108,0.001405815532419884,0.6139459484852088
0.001405927863475258,0.6011053931899281,0.001405927863475258,0.2630259737065068,0.001405927863475258,0.6139313006125268
0.001406051644480761,0.5991442959593305,0.001406051644480761,0.2548428057243121,0.001406051644480761,0.6139151516395235
0.001406254092968691,0.5959421718188027,0.001406254092968691,0.2449066832792474,0.001406254092968691,0.6138887212507756
0.00140659415849416,0.5905844686360985,0.00140659415849416,0.2333889451772888,0.00140659415849416,0.6138442738990479
0.001407067397624849,0.5831688542873498,0.001407067397624849,0.2228633310483832,0.001407067397624849,0.6137823153127174
0.001407722116900422,0.5729975463340193,0.001407722116900422,0.2129480656524277,0.001407722116900422,0.6136963957395327
0.001408612127128455,0.5593470755794597,0.001408612127128455,0.2036200200634716,0.001408612127128455,0.6135792272488279
0.001409735236182914,0.5424594215473392,0.001409735236182914,0.1950339969912292,0.001409735236182914,0.6134307660792186
0.001411340728696905,0.5191150433537506,0.001411340728696905,0.1875326070578946,0.001411340728696905,0.6132173802214294
0.001411650266304111,0.514765052852198,0.001411650266304111,0.1864645686772841,0.001411650266304111,0.6131760842795158
0.001412269341518524,0.5060828526737707,0.001412269341518524,0.1852662474747984,0.001412269341518524,0.6130933430338813
0.001412967236001073,0.4965585029141729,0.001412967236001073,0.1844866668853029,0.001412967236001073,0.612999829877543
0.001413667488625748,0.4872436786949328,0.001413667488625748,0.1841725128903998,0.001413667488625748,0.6129057495164579
0.001414403226253064,0.4777779173662848,0.001414403226253064,0.1838527665771592,0.001414403226253064,0.6128066325612129
0.00141548607737895,0.4644346050086702,0.00141548607737895,0.1836374471072179,0.00141548607737895,0.6126602560320412
0.001416798594660098,0.4493280278896389,0.001416798594660098,0.1833680823260086,0.001416798594660098,0.6124820488892492
0.001419173544544504,0.4250958513610701,0.001419173544544504,0.1831620580329066,0.001419173544544504,0.6121574404979846
0.001421917018531059,0.4019796957845534,0.001421917018531059,0.1829465161067408,0.001421917018531059,0.6117790971043959
0.001425802340231316,0.3765734366626174,0.001425802340231316,0.1828558374977602,0.001425802340231316,0.6112373240283204
0.001431127727567739,0.3513652837445213,0.001431127727567739,0.1827219502605281,0.001431127727567739,0.6104839326077434
0.001437870223035569,0.3289365945439108,0.001437870223035569,0.1827051252225578,0.001437870223035569,0.6095133322224726
0.00144704300552192,0.3077976292929092,0.00144704300552192,0.1826280874882342,0.00144704300552192,0.6081658162664669
0.001458634093568354,0.2893950632123328,0.001458634093568354,0.1826441626522395,0.001458634093568354,0.6064248310708225
0.001473903390649993,0.2727355476979892,0.001473903390649993,0.1825908824373825,0.001473903390649993,0.6040809016954799
0.001493903390649993,0.257907288093752,0.001493903390649993,0.1826196492612044,0.001493903390649993,0.6009574189709256
0.001513903390649993,0.2475396326973495,0.001513903390649993,0.1825766354793942,0.001513903390649993,0.5978188371772656
0.001533903390649993,0.2398587666505084,0.001533903390649993,0.1826113510223208,0.001533903390649993,0.5947146536242836
0.001553903390649993,0.2339533355716124,0.001553903390649993,0.1825718227237416,0.001553903390649993,0.5916938231409594
0.001573903390649993,0.2292990692619381,0.001573903390649993,0.1826077387969628,0.001573903390649993,0.588803986028572
0.001593903390649993,0.2255623899139652,0.001593903390649993,0.1825696697833473,0.001593903390649993,0.5860907167446885
0.001613903390649993,0.2225417841083856,0.001613903390649993,0.1826057581957487,0.001613903390649993,0.5835968051667443
0.001633903390649993,0.2200941068329756,0.001633903390649993,0.1825685870518054,0.001633903390649993,0.5813615817701142
0.001653903390649993,0.218138626446954,0.001653903390649993,0.1826045362956226,0.001653903390649993,0.5794202973630207
0.001673903390649993,0.2166057601475735,0.001673903390649993,0.1825680647044411,0.001673903390649993,0.577803567160231
0.001693903390649993,0.2154615468282149,0.001693903390649993,0.1826037580206483,0.001693903390649993,0.5765368879628305
0.001713903390649993,0.2146746692045398,0.001713903390649993,0.1825679011294252,0.001713903390649993,0.5756402360584401
0.001733903390649993,0.2142366979324988,0.001733903390649993,0.1826032949371441,0.001733903390649993,0.5751277521832255
0.001753903390649993,0.2141326963167655,0.001753903390649993,0.1825680167763395,0.001753903390649993,0.5750075185140423
0.001773903390649994,0.2143675901638876,0.001773903390649994,0.1826031012479211,0.001773903390649994,0.5752814312076774
0.001793903390649994,0.2149388480557343,0.001793903390649994,0.1825683923389533,0.001793903390649994,0.5759451704973245
0.001813903390649994,0.2158640338195794,0.001813903390649994,0.18260318154121,0.001813903390649994,0.5769882688178876
0.001833903390649994,0.2171548291467074,0.001833903390649994,0.1825690569854115,0.001833903390649994,0.5783942758857344
0.001853903390649994,0.2188473558152381,0.001853903390649994,0.182603593447405,0.001853903390649994,0.5801410181294973
0.001873903390649994,0.2209849736251139,0.001873903390649994,0.18257010702392,0.001873903390649994,0.5822009483805386
0.001893903390649994,0.2236446963942092,0.001893903390649994,0.1826044905109157,0.001893903390649994,0.5845415803082569
0.001913903390649994,0.2269233241546603,0.001913903390649994,0.1825717819914341,0.001913903390649994,0.5871260007489264
0.001933903390649994,0.2309890387673892,0.001933903390649994,0.1826062508444312,0.001933903390649994,0.5899134518483397
0.001953903390649994,0.2360821596359109,0.001953903390649994,0.1825747044026396,0.001953903390649994,0.5928599738375163
0.001973903390649994,0.2426016489450316,0.001973903390649994,0.182609953379041,0.001973903390649994,0.5959190983045203
0.001993903390649994,0.2511850590441153,0.001993903390649994,0.1825808761580107,0.001993903390649994,0.5990425810290745
0.002013903390649994,0.2630025401659179,0.002013903390649994,0.1826196936761799,0.002013903390649994,0.6021811628227346
0.002033903390649994,0.2804392684911106,0.002033903390649994,0.1826001498084282,0.002033903390649994,0.6052853463757166
0.002053903390649994,0.3095806164828584,0.002053903390649994,0.1826662908875465,0.002053903390649994,0.6083061768590406
0.002073903390649994,0.374747655122916,0.002073903390649994,0.1828100658592073,0.002073903390649994,0.6111960139714282
0.00207881472112933,0.4073565304909568,0.00207881472112933,0.1830174984733031,0.00207881472112933,0.6118803558151307
0.002081270386368998,0.4289392962434534,0.002081270386368998,0.1831556455179702,0.002081270386368998,0.6122183249166434
0.002086181716848333,0.4846542051218224,0.002086181716848333,0.1840535979784553,0.002086181716848333,0.6128854572107295
0.002087279764517903,0.4992466255350633,0.002087279764517903,0.1846088766864202,0.002087279764517903,0.6130329549534727
0.002087828788352688,0.5067175225324275,0.002087828788352688,0.1851963116270881,0.002087828788352688,0.6131064716277562
0.002088926836022257,0.5221863818658007,0.002088926836022257,0.1878369541827862,0.002088926836022257,0.6132530362079688
0.002089139881305155,0.5252541967158948,0.002089139881305155,0.1886880259485335,0.002089139881305155,0.6132814000896197
0.002089565971870951,0.5314557344941487,0.002089565971870951,0.1905696405517447,0.002089565971870951,0.6133380564070032
0.002090143919382221,0.5399392379946339,0.002090143919382221,0.1936309982883438,0.002090143919382221,0.6134147519506657
0.002090728170917458,0.5486387536005564,0.002090728170917458,0.1972861022658118,0.002090728170917458,0.6134921042543228
0.002091441476235358,0.5594024919782616,0.002091441476235358,0.2028276638107741,0.002091441476235358,0.6135862961042036
0.002092727638364898,0.5791825383942595,0.002092727638364898,0.2172494438670249,0.002092727638364898,0.6137554426572577
0.002093249298474182,0.5873176325841311,0.002093249298474182,0.2261228547881642,0.002093249298474182,0.6138237921054381
0.002094292618692751,0.6037633868666827,0.002094292618692751,0.2669362783147329,0.002094292618692751,0.6139600447328439
0.002094541521134779,0.6077090208061271,0.002094541521134779,0.290841314694082,0.002094541521134779,0.6139924617894359
0.002094723984941831,0.6106053421823905,0.002094723984941831,0.3256151126325024,0.002094723984941831,0.6140162041426519
0.002094851198518583,0.6126360726576416,0.002094851198518583,0.3708291916218157,0.002094851198518583,0.6140327463891038
0.00209497189366595,0.6145380844345951,0.00209497189366595,0.4542118284738939,0.00209497189366595,0.61404843272219
0.002095098075495547,0.6165572887455086,0.002095098075495547,0.6027818783755623,0.002095098075495547,0.6140648235019103
0.002095230597845372,0.6186197937453176,0.002095230597845372,0.8102873397619653,0.002095230597845372,0.6140820283847273
0.002095376368218448,0.620940135959369,0.002095376368218448,1.051975940774006,0.002095376368218448,0.6141009419322886
0.002095486278291658,0.6227780865598584,0.002095486278291658,1.206507309956014,0.002095486278291658,0.6141151948238454
0.002095512323290441,0.6232678712785176,0.002095512323290441,1.235594847622875,0.002095512323290441,0.6141185712944833
0.002095564413288007,0.6241626667308555,0.002095564413288007,1.282875164507323,0.002095564413288007,0.6141253231013882
0.002095654646277045,0.6256086379622673,0.002095654646277045,1.33113535185756,0.002095654646277045,0.6141370153495402
0.002095736551331608,0.6267539697577855,0.002095736551331608,1.349333798751611,0.002095736551331608,0.6141476245428329
0.002095816406949563,0.627951759434539,0.002095816406949563,1.362509053138458,0.002095816406949563,0.6141579646644558
0.002095838198253606,0.6282772416406077,0.002095838198253606,1.366852853546406,0.002095838198253606,0.6141607856971651
0.002095881780861693,0.628967152772391,0.002095881780861693,1.375776142566502,0.002095881780861693,0.6141664269661244
0.00209595125544483,0.6300155917695733,0.00209595125544483,1.388233384596864,0.00209595125544483,0.6141754174578257
0.002095979761796608,0.6304378536594909,0.002095979761796608,1.392325157325617,0.002095979761796608,0.6141791055955218
0.002096036774500165,0.631235338120458,0.002096036774500165,1.398586988424864,0.002096036774500165,0.6141864805061715
0.002096140167119256,0.6326473574260978,0.002096140167119256,1.405135245912598,0.002096140167119256,0.6141998502722635
0.00209625797010054,0.6342479006563819,0.00209625797010054,1.408338479418933,0.00209625797010054,0.6142150761474862
0.002096422405909913,0.6366274356118501,0.002096422405909913,1.410229726394637,0.002096422405909913,0.6142363162280906
0.002096565653592713,0.6388813273232601,0.002096565653592713,1.411016652193582,0.002096565653592713,0.6142548070654892
0.002096712930773166,0.6414573269809949,0.002096712930773166,1.411513687703216,0.002096712930773166,0.6142738060027576
0.002096748672474925,0.6421469061521977,0.002096748672474925,1.411579676535729,0.002096748672474925,0.6142784148837618
0.002096820155878441,0.643760596861816,0.002096820155878441,1.411625129376829,0.002096820155878441,0.6142876304852509
0.002096900263253242,0.6455117506498441,0.002096900263253242,1.411569521924859,0.002096900263253242,0.6142979544595371
0.002096924814101115,0.6458895442469589,0.002096924814101115,1.411567659564325,0.002096924814101115,0.614301117766792
0.00209697391579686,0.6467297184413904,0.00209697391579686,1.411581655058631,0.00209697391579686,0.6143074433603248
0.00209706457141727,0.6482097545636125,0.00209706457141727,1.411643916666426,0.00209706457141727,0.614319118616776
0.002097175032634965,0.6500243735166821,0.002097175032634965,1.411725833806659,0.002097175032634965,0.6143333382951608
0.002097395955070355,0.6536261682313045,0.002097395955070355,1.411860961331329,0.002097395955070355,0.6143617569318466
0.002097690678767502,0.658421463302724,0.002097690678767502,1.411990940917071,0.002097690678767502,0.6143996259948117
0.002098236081101516,0.667311460678545,0.002098236081101516,1.412140083743159,0.002098236081101516,0.6144695744323379
0.002098919480206342,0.6784439394299109,0.002098919480206342,1.412253373377995,0.002098919480206342,0.6145569811561353
0.002099944937170266,0.695182538217015,0.002099944937170266,1.412345554518733,0.002099944937170266,0.6146876330385275
0.002101495274201424,0.7204273356250999,0.002101495274201424,1.412427047840547,0.002101495274201424,0.6148839995701404
0.002103611674195255,0.7546764716629845,0.002103611674195255,1.412479774409346,0.002103611674195255,0.615149780365422
0.002106735735807497,0.8041791732801401,0.002106735735807497,1.41252573643643,0.002106735735807497,0.6155371956131455
0.002110669091413156,0.8636177090564464,0.002110669091413156,1.412549871070811,0.002110669091413156,0.6160164401137147
0.002116738312468202,0.9457515597343646,0.002116738312468202,1.412573536554214,0.002116738312468202,0.6167366268870662
0.002123919630460778,1.024690183343299,0.002123919630460778,1.412582331404578,0.002123919630460778,0.617557264282046
0.002135512302722804,1.115065479910102,0.002135512302722804,1.412593940770972,0.002135512302722804,0.6188058968000106
0.002149351394932536,1.184687268740608,0.002149351394932536,1.412596778755462,0.002149351394932536,0.6201653719556146
0.002162023312873426,1.2277773369856,0.002162023312873426,1.412602825479019,0.002162023312873426,0.6212767849943504
0.002176599582870841,1.262889014161028,0.002176599582870841,1.412601995455986,0.002176599582870841,0.6223881066746332
0.002195050744182592,1.292949323938401,0.002195050744182592,1.412606044338667,0.002195050744182592,0.6235247180667227
0.002215050744182592,1.313102176843675,0.002215050744182592,1.412605979053653,0.002215050744182592,0.6243996566014122
0.002235050744182592,1.323442271713335,0.002235050744182592,1.412608913015136,0.002235050744182592,0.624889797975849
0.002255050744182592,1.325439605505133,0.002255050744182592,1.412606542743662,0.002255050744182592,0.624987412367762
0.002275050744182592,1.319333500259085,0.002275050744182592,1.41261063173072,0.002275050744182592,0.6246909603398788
0.002280050744182592,1.316480300513688,0.002280050744182592,1.412606877572264,0.002280050744182592,0.6245556864265362
0.002290050744182591,1.309001358656072,0.002290050744182591,1.412610041496111,0.002290050744182591,0.6242125955208313
0.002292009996142126,1.307253515052589,0.002292009996142126,1.412607341182081,0.002292009996142126,0.6241341313524175
0.002295928500061194,1.303430171545015,0.002295928500061194,1.412609623648019,0.002295928500061194,0.6239662434109934
0.002301357381184026,1.297443593382106,0.002301357381184026,1.412607036450762,0.002301357381184026,0.6237096613257065
0.002306854709728194,1.29045702725752,0.002306854709728194,1.412609830911641,0.002306854709728194,0.6234217373557667
0.0023146519552887,1.278826076340186,0.0023146519552887,1.412606818823961,0.0023146519552887,0.6229655231307224
0.002322142943093728,1.265414036274092,0.002322142943093728,1.412609633432404,0.002322142943093728,0.6224753074652203
0.002330037511283869,1.248493381496068,0.002330037511283869,1.412606732250786,0.002330037511283869,0.6219048277753646
0.002338569467934654,1.226147706059294,0.002338569467934654,1.412608849971033,0.002338569467934654,0.6212277481351275
0.002348089684900899,1.194740909956219,0.002348089684900899,1.412605850771008,0.002348089684900899,0.620400341373714
0.002359895928277636,1.141846759290198,0.002359895928277636,1.412606883274938,0.002359895928277636,0.6192732472695959
0.002375190255610659,1.033611212094442,0.002375190255610659,1.412600501047423,0.002375190255610659,0.6176565248187698
0.002390340057119804,0.8497627049712073,0.002390340057119804,1.412594315380136,0.002390340057119804,0.6158944056281878
0.002393644304926423,0.7993274016156607,0.002393644304926423,1.412588609576342,0.002393644304926423,0.615490383577167
0.002400252800539659,0.6929418020267634,0.002400252800539659,1.412565168015911,0.002400252800539659,0.6146624868676969
0.002402021728253306,0.6640849214618657,0.002402021728253306,1.412537947652273,0.002402021728253306,0.6144365312312218
0.002402906192110131,0.6497077225714462,0.002402906192110131,1.412500133944627,0.002402906192110131,0.6143228829009295
0.002403348424038543,0.6426619899816616,0.002403348424038543,1.412406212323694,0.002403348424038543,0.6142658926410492
0.002403524885444663,0.6401731812496798,0.002403524885444663,1.412215942464891,0.002403524885444663,0.6142431213588203
0.002403776586915674,0.6365301841049306,0.002403776586915674,1.411768522632441,0.002403776586915674,0.6142106105069298
0.002403971065008725,0.6336321493858841,0.002403971065008725,1.411317801129137,0.002403971065008725,0.6141854665299751
0.002404256919842347,0.6291041778725698,0.002404256919842347,1.410498972118258,0.002404256919842347,0.6141484700629866
0.00240431746119821,0.627616547484097,0.00240431746119821,1.410296556272778,0.00240431746119821,0.6141406286995712
0.002404337914283373,0.6271193784510606,0.002404337914283373,1.410223995197262,0.002404337914283373,0.6141379791376502
0.002404352408680264,0.6266349889214796,0.002404352408680264,1.409992247270775,0.002404352408680264,0.6141361013430238
0.002404360484866678,0.6264878516211969,0.002404360484866678,1.409148551085134,0.002404360484866678,0.6141350549968516
0.002404368710357774,0.6262229381167181,0.002404368710357774,1.406469591792648,0.002404368710357774,0.6141339892694359
0.002404376896198746,0.6260218839313918,0.002404376896198746,1.400421887080759,0.002404376896198746,0.614132928641768
0.002404384163964024,0.6257330198325878,0.002404384163964024,1.391405940705962,0.002404384163964024,0.6141319869365182
0.002404393753511515,0.6254552426828335,0.002404393753511515,1.375678176212602,0.002404393753511515,0.6141307443461754
0.002404402580350263,0.6251660605331106,0.002404402580350263,1.360031264718222,0.002404402580350263,0.6141296005404421
0.002404413511372384,0.6249629563245344,0.002404413511372384,1.342697906353015,0.002404413511372384,0.6141281840086775
0.002404425887873159,0.6247257448447399,0.002404425887873159,1.327688803690029,0.002404425887873159,0.6141265800794518
0.002404441901679769,0.6245517123608959,0.002404441901679769,1.315331055762489,0.002404441901679769,0.6141245046478004
0.002404459609287569,0.6243326099751098,0.002404459609287569,1.308481778976576,0.002404459609287569,0.6141222095285575
0.002404490494563946,0.6240387639024452,0.002404490494563946,1.305038299306532,0.002404490494563946,0.6141182060064043
0.002404525449169269,0.6235708215955327,0.002404525449169269,1.304605258153629,0.002404525449169269,0.6141136743537352
0.002404568028243727,0.6229221845124553,0.002404568028243727,1.298103962991452,0.002404568028243727,0.6141081533151656
0.002404618076458712,0.6220119202966783,0.002404618076458712,1.278191740131621,0.002404618076458712,0.6141016624955017
0.00240466406050808,0.621273265804539,0.00240466406050808,1.254164837431154,0.00240466406050808,0.6140956975336694
0.002404728624584189,0.6202242083132995,0.002404728624584189,1.221485389500971,0.002404728624584189,0.6140873204209576
0.002404799072594096,0.6191354692263716,0.002404799072594096,1.184108511944537,0.002404799072594096,0.6140781772299835
0.002404883952759396,0.6177437539607826,0.002404883952759396,1.128682016932467,0.002404883952759396,0.6140671572784085
0.002404995592224772,0.6159922195951805,0.002404995592224772,1.033772267569978,0.002404995592224772,0.6140526570881089
0.002405163074029012,0.6132859495202798,0.002405163074029012,0.8366921994138722,0.002405163074029012,0.614030890901433
0.002405366248740803,0.6100639941369692,0.002405366248740803,0.5552155941025758,0.002405366248740803,0.614004465156004
0.002405511150838408,0.6077189851532576,0.002405511150838408,0.3887160901027443,0.002405511150838408,0.6139856046432016
0.002405628004936264,0.6058874244360895,0.002405628004936264,0.3128369773556964,0.002405628004936264,0.6139703864240371
0.002405741265206562,0.6040533931102514,0.002405741265206562,0.2825135036658661,0.002405741265206562,0.6139556290512935
0.002405847417402348,0.6023976635498636,0.002405847417402348,0.2697850582935488,0.002405847417402348,0.6139417914167984
0.002405956861033662,0.6006305000395181,0.002405956861033662,0.2607645789545243,0.002405956861033662,0.6139275182286704
0.002406093103969217,0.598502868589839,0.002406093103969217,0.2525576219193595,0.002406093103969217,0.6139097407839575
0.002406344774997839,0.5944960863643186,0.002406344774997839,0.2412878559102147,0.002406344774997839,0.6138768750910299
0.002406680679821849,0.5892399181846775,0.002406680679821849,0.2311904722505053,0.002406680679821849,0.6138329552668267
0.002407249259401684,0.580318162357377,0.002407249259401684,0.2196002867718756,0.002407249259401684,0.613758472712853
0.00240792577703163,0.569869961654427,0.00240792577703163,0.2106262847067072,0.00240792577703163,0.6136696218521471
0.002408973210431668,0.553859107418875,0.002408973210431668,0.2004413485362095,0.002408973210431668,0.6135315698866682
0.002410100036027722,0.5370791936865142,0.002410100036027722,0.1930318696927452,0.002410100036027722,0.6133823997789652
0.002410663448825749,0.528818651814276,0.002410663448825749,0.1901031921274832,0.002410663448825749,0.6133075626993455
0.002411437806363698,0.5177744727582279,0.002411437806363698,0.1871710824915651,0.002411437806363698,0.6132044342975117
0.002412173511557194,0.507409691483504,0.002412173511557194,0.185359725163309,0.002412173511557194,0.6131061639845387
0.002413016156133036,0.4959031386362556,0.002413016156133036,0.184497782805297,0.002413016156133036,0.6129932655137744
0.002413653632326675,0.4874203591730122,0.002413653632326675,0.1841425167490943,0.002413653632326675,0.612907613567262
0.002414441071896771,0.477305141423924,0.002414441071896771,0.1838751054838337,0.002414441071896771,0.6128015266602395
0.002415438994946028,0.4649923524862978,0.002415438994946028,0.1836153964772644,0.002415438994946028,0.6126666327284249
0.00241686637612105,0.4485869109823542,0.00241686637612105,0.1833891242643192,0.00241686637612105,0.6124728227000767
0.002419085203218525,0.4259178783795894,0.002419085203218525,0.1831401306103997,0.002419085203218525,0.6121695639239172
0.002421764002140213,0.403149557619587,0.002421764002140213,0.1829783671424953,0.002421764002140213,0.6118002922942305
0.002425831073267026,0.3764054476215142,0.002425831073267026,0.1828311238098757,0.002425831073267026,0.6112332921203858
0.002430985216718974,0.3519405846322905,0.002430985216718974,0.1827474321651763,0.002430985216718974,0.6105042504820789
0.002437676448684964,0.3294741268607556,0.002437676448684964,0.1826827392749968,0.002437676448684964,0.6095414732327007
0.002446776831165101,0.308314032604686,0.002446776831165101,0.1826522163999656,0.002446776831165101,0.6082053221458497
0.002458352070169142,0.2897652529810851,0.002458352070169142,0.182621338386032,0.002458352070169142,0.6064676331937099
0.002473470313260712,0.2731326049308801,0.002473470313260712,0.1826142613169914,0.002473470313260712,0.6041480016895263
0.002493470313260712,0.2581687252504267,0.002493470313260712,0.1825968127304897,0.002493470313260712,0.6010253930753142
0.002513470313260712,0.247734712398129,0.002513470313260712,0.182599577996105,0.002513470313260712,0.5978866133997642
0.002533470313260712,0.2400005524890366,0.002533470313260712,0.1825886689955465,0.002533470313260712,0.5947811630933758
0.002553470313260712,0.2340717629441832,0.002553470313260712,0.1825944964326612,0.002553470313260712,0.591758016962587
0.002573470313260713,0.2293847365474903,0.002573470313260713,0.1825852916206187,0.002573470313260713,0.5888648518278202
0.002593470313260713,0.225639749134553,0.002593470313260713,0.1825920684536266,0.002593470313260713,0.5861472946315438
0.002613470313260713,0.2225962415995695,0.002613470313260713,0.1825835573625789,0.002613470313260713,0.5836482028741331
0.002633470313260713,0.2201460930025537,0.002633470313260713,0.1825907189926448,0.002633470313260713,0.5814069887254872
0.002653470313260713,0.2181718672518242,0.002653470313260713,0.1825825869992816,0.002653470313260713,0.5794589974715671
0.002673470313260713,0.2166391066870649,0.002673470313260713,0.1825899344515114,0.002673470313260713,0.5778349500981206
0.002693470313260713,0.215478104629502,0.002693470313260713,0.182582060728448,0.002693470313260713,0.5765604588023856
0.002713470313260713,0.2146923136993671,0.002713470313260713,0.1825895120496354,0.002713470313260713,0.5756556230734402
0.002733470313260713,0.2142382893197419,0.002733470313260713,0.1825818483266602,0.002733470313260713,0.5751347127112526
0.002753470313260713,0.2141356992925287,0.002753470313260713,0.1825893716555071,0.002753470313260713,0.5750059427834111
0.002773470313260713,0.2143546232482353,0.002773470313260713,0.1825819032047448,0.002773470313260713,0.5752713440686014
0.002793470313260713,0.2149271404148659,0.002793470313260713,0.1825894934744934,0.002793470313260713,0.5759267310300127
0.002813470313260713,0.2158358246788515,0.002813470313260713,0.1825822294770638,0.002813470313260713,0.5769617678237546
0.002833470313260713,0.2171271686071475,0.002833470313260713,0.182589905992022,0.002833470313260713,0.5783601313012887
0.002853470313260713,0.2188017451297606,0.002853470313260713,0.1825828843046498,0.002853470313260713,0.5800997684352325
0.002873470313260713,0.2209379630168306,0.002873470313260713,0.182590704156523,0.002873470313260713,0.5821532441087747
0.002893470313260713,0.2235764168568755,0.002893470313260713,0.1825840203075592,0.002893470313260713,0.5844881737838569
0.002913470313260713,0.2268493654638171,0.002913470313260713,0.1825921243692893,0.002913470313260713,0.5870677342246833
0.002933470313260713,0.2308864735105576,0.002933470313260713,0.1825860131335046,0.002933470313260713,0.5898512442221477
0.002953470313260714,0.2359635123502485,0.002953470313260714,0.1825947800340049,0.002953470313260714,0.5927948061608016
0.002973470313260714,0.2424368040553206,0.002973470313260714,0.1825899326126741,0.002973470313260714,0.5958519983104739
0.002986735156630357,0.2478185278938878,0.002986735156630357,0.1825992188951885,0.002986735156630357,0.5979187747572549
0.003,0.2543672018039916,0.003,0.1825952444214645,0.003,0.6
