"/net2 (R0=1000,Rf0=500) X","/net2 (R0=1000,Rf0=500) Y","/net2 (R0=3000,Rf0=1500) X","/net2 (R0=3000,Rf0=1500) Y","/net2 (R0=5000,Rf0=2500) X","/net2 (R0=5000,Rf0=2500) Y","/net2 (R0=7500,Rf0=3750) X","/net2 (R0=7500,Rf0=3750) Y","/net2 (R0=10000,Rf0=5000) X","/net2 (R0=10000,Rf0=5000) Y","/net2 (R0=15000,Rf0=7500) X","/net2 (R0=15000,Rf0=7500) Y","/net2 (R0=17500,Rf0=8750) X","/net2 (R0=17500,Rf0=8750) Y","/net2 (R0=20000,Rf0=10000) X","/net2 (R0=20000,Rf0=10000) Y","/net2 (R0=25000,Rf0=12500) X","/net2 (R0=25000,Rf0=12500) Y","/net2 (R0=27500,Rf0=13750) X","/net2 (R0=27500,Rf0=13750) Y","/net2 (R0=30000,Rf0=15000) X","/net2 (R0=30000,Rf0=15000) Y","/net2 (R0=35000,Rf0=17500) X","/net2 (R0=35000,Rf0=17500) Y","/net2 (R0=37500,Rf0=18750) X","/net2 (R0=37500,Rf0=18750) Y","/net2 (R0=40000,Rf0=20000) X","/net2 (R0=40000,Rf0=20000) Y"
0,0.008609227106844593,0,0.02086601192284679,0,0.02955995874744432,0,0.03772114232276148,0,0.04407021329263489,0,0.05361838795527894,0,0.05738904114806939,0,0.06070379584542947,0,0.06632514589995783,0,0.06875197295898185,0,0.07097862440400193,0,0.07503355061498776,0,0.07683900892782131,0,0.0785360136557022
0.01066666666666667,0.008609235132531213,0.01066666666666667,0.02086608396483409,0.01066666666666667,0.02956018511492604,0.01066666666666667,0.03772176813812105,0.01066666666666667,0.04407160794610496,0.01066666666666667,0.05362329445676293,0.01066666666666667,0.05739723644706066,0.01066666666666667,0.0607167128189313,0.01066666666666667,0.06635308531131688,0.01066666666666667,0.0687908314558361,0.01066666666666667,0.07103105481328696,0.01066666666666667,0.07503362117102753,0.01066666666666667,0.07683912163454706,0.01066666666666667,0.07853618798775465
0.02133333333333334,0.008609235160324094,0.02133333333333334,0.02086608413028204,0.02133333333333334,0.0295601854548796,0.02133333333333334,0.03772176871054645,0.02133333333333334,0.04407160875461337,0.02133333333333334,0.05362329573515646,0.02133333333333334,0.05739723795801602,0.02133333333333334,0.06071671456098731,0.02133333333333334,0.06635308751230655,0.02133333333333334,0.06879083388522246,0.02133333333333334,0.07103105747069627,0.02133333333333334,0.07503362428418246,0.02133333333333334,0.07683912497578789,0.02133333333333334,0.07853619155741746
0.032,0.008609235198875747,0.032,0.02086608435977559,0.032,0.02956018592643004,0.032,0.03772176950456005,0.032,0.04407160987609907,0.032,0.05362329750842103,0.032,0.05739724005386901,0.032,0.06071671697740087,0.032,0.06635309056530944,0.032,0.06879083725503511,0.032,0.07103106115679465,0.032,0.07503362860245646,0.032,0.07683912961043815,0.032,0.07853619650891516
0.04266666666666667,0.008609235252312004,0.04266666666666667,0.02086608467787557,0.04266666666666667,0.02956018658004479,0.04266666666666667,0.03772177060513902,0.04266666666666667,0.04407161143058586,0.04266666666666667,0.0536232999663355,0.04266666666666667,0.05739724295892045,0.04266666666666667,0.0607167203267812,0.04266666666666667,0.06635309479706411,0.04266666666666667,0.0687908419259159,0.04266666666666667,0.07103106626608073,0.04266666666666667,0.07503363458799832,0.04266666666666667,0.07683913603451101,0.04266666666666667,0.07853620337216505
0.05333333333333334,0.00860923532631711,0.05333333333333334,0.02086608511841935,0.05333333333333334,0.02956018748524942,0.05333333333333334,0.0377217721293549,0.05333333333333334,0.04407161358342799,0.05333333333333334,0.05362330337035618,0.05333333333333334,0.05739724698219185,0.05333333333333334,0.06071672496541276,0.05333333333333334,0.06635310065771464,0.05333333333333334,0.06879084839472463,0.05333333333333334,0.07103107334204588,0.05333333333333334,0.07503364287750684,0.05333333333333334,0.07683914493134966,0.05333333333333334,0.07853621287723181
0.06400000000000002,0.008609235428707139,0.06400000000000002,0.02086608572793561,0.06400000000000002,0.02956018873765051,0.06400000000000002,0.03772177423819201,0.06400000000000002,0.04407161656200423,0.06400000000000002,0.05362330808000471,0.06400000000000002,0.05739725254860853,0.06400000000000002,0.06071673138321636,0.06400000000000002,0.06635310876624767,0.06400000000000002,0.06879085734467846,0.06400000000000002,0.07103108313203248,0.06400000000000002,0.07503365434649965,0.06400000000000002,0.07683915724062002,0.06400000000000002,0.07853622602801862
0.07466666666666669,0.008609235570206809,0.07466666666666669,0.02086608657026692,0.07466666666666669,0.02956019046842683,0.07466666666666669,0.03772177715253456,0.07466666666666669,0.04407162067829742,0.07466666666666669,0.05362331458858435,0.07466666666666669,0.05739726024121294,0.07466666666666669,0.06071674025240952,0.07466666666666669,0.06635311997197507,0.07466666666666669,0.06879086971322183,0.07466666666666669,0.07103109666147665,0.07466666666666669,0.07503367019627556,0.07466666666666669,0.0768391742516298,0.07466666666666669,0.07853624420197637
0.08533333333333336,0.008609235765493856,0.08533333333333336,0.02086608773278848,0.08533333333333336,0.02956019285711262,0.08533333333333336,0.03772178117468906,0.08533333333333336,0.04407162635929314,0.08533333333333336,0.05362332357123333,0.08533333333333336,0.05739727085796394,0.08533333333333336,0.06071675249299824,0.08533333333333336,0.06635313543727378,0.08533333333333336,0.0687908867833508,0.08533333333333336,0.07103111533379416,0.08533333333333336,0.0750336920709451,0.08533333333333336,0.07683919772894841,0.08533333333333336,0.07853626928431325
0.09600000000000003,0.008609236034597387,0.09600000000000003,0.0208660893347314,0.09600000000000003,0.02956019614869745,0.09600000000000003,0.03772178671717739,0.09600000000000003,0.04407163418764896,0.09600000000000003,0.05362333594923608,0.09600000000000003,0.0573972854877445,0.09600000000000003,0.06071676936041315,0.09600000000000003,0.06635315674830977,0.09600000000000003,0.068790910305831,0.09600000000000003,0.07103114106407356,0.09600000000000003,0.0750337222140396,0.09600000000000003,0.07683923008048249,0.09600000000000003,0.07853630384754831
0.1066666666666667,0.008609236404755775,0.1066666666666667,0.02086609153824297,0.1066666666666667,0.02956020067635338,0.1066666666666667,0.03772179434100679,0.1066666666666667,0.04407164495574669,0.1066666666666667,0.05362335297548853,0.1066666666666667,0.0573973056113757,0.1066666666666667,0.06071679256196834,0.1066666666666667,0.0663531860621849,0.1066666666666667,0.06879094266160636,0.1066666666666667,0.07103117645673845,0.1066666666666667,0.07503376367665129,0.1066666666666667,0.07683927458086244,0.1066666666666667,0.07853635139018374
0.1173333333333334,0.008609236912866669,0.1173333333333334,0.02086609456296984,0.1173333333333334,0.02956020689139829,0.1173333333333334,0.03772180480612455,0.1173333333333334,0.04407165973695616,0.1173333333333334,0.05362337634718026,0.1173333333333334,0.05739733323479821,0.1173333333333334,0.06071682441041691,0.1173333333333334,0.0663532263009369,0.1173333333333334,0.06879098707593971,0.1173333333333334,0.0710312250397728,0.1173333333333334,0.07503382059183529,0.1173333333333334,0.07683933566595928,0.1173333333333334,0.07853641665135504
0.128,0.008609237608686494,0.128,0.02086609870510833,0.128,0.02956021540244213,0.128,0.03772181913732937,0.128,0.0440716799787344,0.128,0.05362340835300355,0.128,0.05739737106306139,0.128,0.06071686802455203,0.128,0.06635328140500123,0.128,0.06879104789816752,0.128,0.07103129157075103,0.128,0.07503389853311528,0.128,0.07683941931765169,0.128,0.07853650602189627
0.1386666666666667,0.008609238558967825,0.1386666666666667,0.02086610436202998,0.1386666666666667,0.02956022702598291,0.1386666666666667,0.03772183870947608,0.1386666666666667,0.04407170762296445,0.1386666666666667,0.05362345206342779,0.1386666666666667,0.05739742272521606,0.1386666666666667,0.06071692758850024,0.1386666666666667,0.06635335666081185,0.1386666666666667,0.06879113096331323,0.1386666666666667,0.07103138243237739,0.1386666666666667,0.07503400497788675,0.1386666666666667,0.07683953356118124,0.1386666666666667,0.07853662807571547
0.1493333333333333,0.008609239852741365,0.1493333333333333,0.02086611206372585,0.1493333333333333,0.02956024285102206,0.1493333333333333,0.03772186535626825,0.1493333333333333,0.04407174525962804,0.1493333333333333,0.05362351157369614,0.1493333333333333,0.05739749306151796,0.1493333333333333,0.06071700868285515,0.1493333333333333,0.06635345911917989,0.1493333333333333,0.0687912440538731,0.1493333333333333,0.07103150613763294,0.1493333333333333,0.07503414989919095,0.1493333333333333,0.07683968910030646,0.1493333333333333,0.07853679424836474
0.16,0.008609241607968237,0.16,0.02086612251240914,0.16,0.0295602643204348,0.16,0.0377219015072851,0.16,0.04407179632034126,0.16,0.0536235923098429,0.16,0.05739758848512231,0.16,0.0607171187017012,0.16,0.06635359812220437,0.16,0.06879139748142277,0.16,0.07103167396598163,0.16,0.07503434651107105,0.16,0.07683990011726061,0.16,0.0785370196917063
0.1706666666666667,0.008609243979788017,0.1706666666666667,0.02086613663161562,0.1706666666666667,0.02956029333186371,0.1706666666666667,0.03772195035786588,0.1706666666666667,0.04407186531831612,0.1706666666666667,0.05362370140813962,0.1706666666666667,0.05739771743056738,0.1706666666666667,0.06071726736970413,0.1706666666666667,0.06635378595660872,0.1706666666666667,0.06879160480775988,0.1706666666666667,0.07103190075221166,0.1706666666666667,0.07503461219274207,0.1706666666666667,0.07684018526466529,0.1706666666666667,0.07853732433366908
0.1813333333333333,0.008609247170567783,0.1813333333333333,0.02086615562602599,0.1813333333333333,0.02956033236064268,0.1813333333333333,0.03772201607610692,0.1813333333333333,0.04407195814073412,0.1813333333333333,0.05362384817741542,0.1813333333333333,0.05739789090021771,0.1813333333333333,0.06071746737215701,0.1813333333333333,0.06635403864982735,0.1813333333333333,0.06879188372363854,0.1813333333333333,0.07103220584768884,0.1813333333333333,0.07503496961476978,0.1813333333333333,0.07684056887426415,0.1813333333333333,0.07853773416965504
0.192,0.00860925144191314,0.192,0.02086618105297163,0.192,0.0295603846067297,0.192,0.03772210405028417,0.192,0.04407208239823383,0.192,0.05362404465171276,0.192,0.05739812311749187,0.192,0.06071773510815411,0.192,0.06635437692169496,0.192,0.06879225709925958,0.192,0.07103261426948336,0.192,0.07503544808542996,0.192,0.07684108240198358,0.192,0.07853828280646637
0.2026666666666666,0.008609257128733823,0.2026666666666666,0.02086621490617227,0.2026666666666666,0.02956045416677745,0.2026666666666666,0.03772222117861414,0.2026666666666666,0.04407224783420544,0.2026666666666666,0.05362430623755268,0.2026666666666666,0.05739843229192743,0.2026666666666666,0.06071809157273752,0.2026666666666666,0.06635482729913909,0.2026666666666666,0.06879275421472344,0.2026666666666666,0.0710331580464358,0.2026666666666666,0.07503608512782506,0.2026666666666666,0.07684176612072685,0.2026666666666666,0.07853901327096088
0.2133333333333333,0.008609264655370374,0.2133333333333333,0.02086625971174818,0.2133333333333333,0.02956054623143651,0.2133333333333333,0.03772237620151885,0.2133333333333333,0.04407246679413981,0.2133333333333333,0.05362465245621108,0.2133333333333333,0.05739884149658499,0.2133333333333333,0.06071856336859566,0.2133333333333333,0.06635542339467515,0.2133333333333333,0.06879341217134587,0.2133333333333333,0.07103387776306282,0.2133333333333333,0.07503692828897159,0.2133333333333333,0.07684267106220431,0.2133333333333333,0.07853998008484452
0.2239999999999999,0.008609274553710584,0.2239999999999999,0.02086631863608517,0.2239999999999999,0.02956066730702124,0.2239999999999999,0.03772258007493497,0.2239999999999999,0.0440727547529897,0.2239999999999999,0.05362510777781226,0.2239999999999999,0.0573993796540156,0.2239999999999999,0.06071918384302456,0.2239999999999999,0.06635620734330505,0.2239999999999999,0.06879427747789094,0.2239999999999999,0.07103482429495943,0.2239999999999999,0.07503803717342626,0.2239999999999999,0.07684386119987126,0.2239999999999999,0.078541251597199
0.2346666666666666,0.008609287483182395,0.2346666666666666,0.02086639560488128,0.2346666666666666,0.02956082546017397,0.2346666666666666,0.03772284638239292,0.2346666666666666,0.04407313089732305,0.2346666666666666,0.05362570254223081,0.2346666666666666,0.05740008262494084,0.2346666666666666,0.06071999434336486,0.2346666666666666,0.0663572313893994,0.2346666666666666,0.06879540780250011,0.2346666666666666,0.07103606072556462,0.2346666666666666,0.07503948568974597,0.2346666666666666,0.07684541586052013,0.2346666666666666,0.07854291256150496
0.2453333333333333,0.008609304252551901,0.2453333333333333,0.0208664954329577,0.2453333333333333,0.02956103058467535,0.2453333333333333,0.03772319178443089,0.2453333333333333,0.04407361876030497,0.2453333333333333,0.05362647396373652,0.2453333333333333,0.05740099439601853,0.2453333333333333,0.06072104558688103,0.2453333333333333,0.06635855961851192,0.2453333333333333,0.06879687388482524,0.2453333333333333,0.07103766443841664,0.2453333333333333,0.07504136450312357,0.2453333333333333,0.07684743235741338,0.2453333333333333,0.07854506694966737
0.2559999999999999,0.008609325843613574,0.2559999999999999,0.02086662396535834,0.2559999999999999,0.02956129469149709,0.2559999999999999,0.03772363650724184,0.2559999999999999,0.0440742469121903,0.2559999999999999,0.05362746722376789,0.2559999999999999,0.05740216837198332,0.2559999999999999,0.0607223991511879,0.2559999999999999,0.06636026984212455,0.2559999999999999,0.06879876161725113,0.2559999999999999,0.07103972939472705,0.2559999999999999,0.07504378370592757,0.2559999999999999,0.07685002885775971,0.2559999999999999,0.07854784101689351
0.2666666666666666,0.008609353437156565,0.2666666666666666,0.02086678823204276,0.2666666666666666,0.02956163222684723,0.2666666666666666,0.03772420487857441,0.2666666666666666,0.04407504971773221,0.2666666666666666,0.05362873667001122,0.2666666666666666,0.05740366879372397,0.2666666666666666,0.06072412911021481,0.2666666666666666,0.06636245566710239,0.2666666666666666,0.06880117433050528,0.2666666666666666,0.07104236863503853,0.2666666666666666,0.07504687575198404,0.2666666666666666,0.07685334753392312,0.2666666666666666,0.07855138667039224
0.2773333333333333,0.008609388441999028,0.2773333333333333,0.02086699662089344,0.2773333333333333,0.02956206042794662,0.2773333333333333,0.03772492592734603,0.2773333333333333,0.04407606818382224,0.2773333333333333,0.05363034715887915,0.2773333333333333,0.05740557232628258,0.2773333333333333,0.06072632386657675,0.2773333333333333,0.06636522881454938,0.2773333333333333,0.06880423535521001,0.2773333333333333,0.07104571708348284,0.2773333333333333,0.07505079874713867,0.2773333333333333,0.07685755809793884,0.2773333333333333,0.07855588524863626
0.2879999999999999,0.008609432528316804,0.2879999999999999,0.02086725907637365,0.2879999999999999,0.0295625997316443,0.2879999999999999,0.03772583407249022,0.2879999999999999,0.04407735093350316,0.2879999999999999,0.0536323755988708,0.2879999999999999,0.05740796988486926,0.2879999999999999,0.0607290882590708,0.2879999999999999,0.06636872178806083,0.2879999999999999,0.06880809097008604,0.2879999999999999,0.07104993477605992,0.2879999999999999,0.07505574023911231,0.2879999999999999,0.07686286187330146,0.2879999999999999,0.0785615518760602
0.2986666666666666,0.008609487666822289,0.2986666666666666,0.02086758733312381,0.2986666666666666,0.02956327425501909,0.2986666666666666,0.03772696993338227,0.2986666666666666,0.04407895535220056,0.2986666666666666,0.05363491276773084,0.2986666666666666,0.05741096878538689,0.2986666666666666,0.06073254604531986,0.2986666666666666,0.0663730910184657,0.2986666666666666,0.06881291387750804,0.2986666666666666,0.07105521066731628,0.2986666666666666,0.07506192168856858,0.2986666666666666,0.07686949659982424,0.2986666666666666,0.07856864060307815
0.3093333333333332,0.008609556175394145,0.3093333333333332,0.02086799519407756,0.3093333333333332,0.02956411236773334,0.3093333333333332,0.03772838129528536,0.3093333333333332,0.04408094895360383,0.3093333333333332,0.05363806547903871,0.3093333333333332,0.05741469530916781,0.3093333333333332,0.06073684286340592,0.3093333333333332,0.0663785206173987,0.3093333333333332,0.0688189073530408,0.3093333333333332,0.0710617671764598,0.3093333333333332,0.07506960381160979,0.3093333333333332,0.07687774217656737,0.3093333333333332,0.07857745055126279
0.3199999999999999,0.00860964077434836,0.3199999999999999,0.02086849886025247,0.3199999999999999,0.0295651473709518,0.3199999999999999,0.03773012425497081,0.3199999999999999,0.04408341100100845,0.3199999999999999,0.05364195915572359,0.3199999999999999,0.05741929775042886,0.3199999999999999,0.06074214975208318,0.3199999999999999,0.06638522684166893,0.3199999999999999,0.06882631018238702,0.3199999999999999,0.07106986559786996,0.3199999999999999,0.07507909294223174,0.3199999999999999,0.07688792750336339,0.3199999999999999,0.07858833323645595
0.3306666666666666,0.008609744650532698,0.3306666666666666,0.02086911731338773,0.3306666666666666,0.02956641828539589,0.3306666666666666,0.03773226455113256,0.3306666666666666,0.04408643439104765,0.3306666666666666,0.05364674082266712,0.3306666666666666,0.05742494996150574,0.3306666666666666,0.06074866724769284,0.3306666666666666,0.06639346329342713,0.3306666666666666,0.06883540241442383,0.3306666666666666,0.0710798124086795,0.3306666666666666,0.07509074845590276,0.3306666666666666,0.07690043846677803,0.3306666666666666,0.07860170112046115
0.3413333333333332,0.008609871528742376,0.3413333333333332,0.02086987274261309,0.3413333333333332,0.02956797073062083,0.3413333333333332,0.03773487904983506,0.3413333333333332,0.04409012775829502,0.3413333333333332,0.05365258245435729,0.3413333333333332,0.05743185532110296,0.3413333333333332,0.06075662997275651,0.3413333333333332,0.06640352675143014,0.3413333333333332,0.0688465118163526,0.3413333333333332,0.07109196635036304,0.3413333333333332,0.07510499111417747,0.3413333333333332,0.07691572692221013,0.3413333333333332,0.07861803723524013
0.3519999999999999,0.008610025746597359,0.3519999999999999,0.02087079099233789,0.3519999999999999,0.02956985784891652,0.3519999999999999,0.03773805730704112,0.3519999999999999,0.04409461769132549,0.3519999999999999,0.05365968450669784,0.3519999999999999,0.05744025092486559,0.3519999999999999,0.06076631148617809,0.3519999999999999,0.06641576334639945,0.3519999999999999,0.06886002071611019,0.3519999999999999,0.07110674594223212,0.3519999999999999,0.07512231193469183,0.3519999999999999,0.07693432025043341,0.3519999999999999,0.07863790543205093
0.3626666666666665,0.008610212326108396,0.3626666666666665,0.02087190199123395,0.3626666666666665,0.02957214119172704,0.3626666666666665,0.03774190307060162,0.3626666666666665,0.04410005086672551,0.3626666666666665,0.05366827932962869,0.3626666666666665,0.05745041164121744,0.3626666666666665,0.06077802898525975,0.3626666666666665,0.06643057456716159,0.3626666666666665,0.06887637266809106,0.3626666666666665,0.07112463681263476,0.3626666666666665,0.0751432808736588,0.3626666666666665,0.07695683072691492,0.3626666666666665,0.07866196044569121
0.3733333333333332,0.008610437031951738,0.3733333333333332,0.02087324010314331,0.3733333333333332,0.02957489144738916,0.3733333333333332,0.03774653551837991,0.3733333333333332,0.04410659581484165,0.3733333333333332,0.05367863401108926,0.3733333333333332,0.05746265350309068,0.3733333333333332,0.06079214725121088,0.3733333333333332,0.06644842233442808,0.3733333333333332,0.06889607810271087,0.3733333333333332,0.07114619793295443,0.3733333333333332,0.07516855425677016,0.3733333333333332,0.0769839635661468,0.3733333333333332,0.07869095656279394
0.3839999999999998,0.008610706403470557,0.3839999999999998,0.02087484432286603,0.3839999999999998,0.02957818885230247,0.3839999999999998,0.03775208996744012,0.3839999999999998,0.04411444394395832,0.3839999999999998,0.05369105206531372,0.3839999999999998,0.0574773357436575,0.3839999999999998,0.06080908104273712,0.3839999999999998,0.06646983214289469,0.3839999999999998,0.06891971786009583,0.3839999999999998,0.07117206555502149,0.3839999999999998,0.0751988795619624,0.3839999999999998,0.07701652214676241,0.3839999999999998,0.07872575330279022
0.3946666666666665,0.008611027745383441,0.3946666666666665,0.02087675822764178,0.3946666666666665,0.0295821231026511,0.3946666666666665,0.03775871774704977,0.3946666666666665,0.04412380938988095,0.3946666666666665,0.0537058732837882,0.3946666666666665,0.05749486067217302,0.3946666666666665,0.06082929501288675,0.3946666666666665,0.06649539310871186,0.3946666666666665,0.06894794332730855,0.3946666666666665,0.07120295345449058,0.3946666666666665,0.07523509592500423,0.3946666666666665,0.07705540867344958,0.3946666666666665,0.07876731625320761
0.4053333333333332,0.008611409062120547,0.4053333333333332,0.02087902959467905,0.4053333333333332,0.0295867925826746,0.4053333333333332,0.03776658492612828,0.4053333333333332,0.044134927254566,0.4053333333333332,0.05372347106081915,0.4053333333333332,0.05751567057791576,0.4053333333333332,0.06085330021441845,0.4053333333333332,0.06652575374494001,0.4053333333333332,0.0689814718816424,0.4053333333333332,0.07123964806346822,0.4053333333333332,0.0752781287141961,0.4053333333333332,0.07710161850415716,0.4053333333333332,0.07881671117025024
0.4159999999999998,0.008611858923656679,0.4159999999999998,0.02088170961247678,0.4159999999999998,0.02959230276098132,0.4159999999999998,0.03777586964494928,0.4159999999999998,0.04414804988031172,0.4159999999999998,0.0537442466346293,0.4159999999999998,0.05754024100138559,0.4159999999999998,0.06088164643175908,0.4159999999999998,0.06656161250280174,0.4159999999999998,0.06902107657834873,0.4159999999999998,0.07128299733142045,0.4159999999999998,0.07532897681545271,0.4159999999999998,0.07715622668520304,0.4159999999999998,0.07887508978877712
0.4266666666666665,0.008612386257347199,0.4266666666666665,0.02088485165292715,0.4266666666666665,0.02959876368655471,0.4266666666666665,0.03778675793510929,0.4266666666666665,0.04416344099451923,0.4266666666666665,0.05376861997970256,0.4266666666666665,0.05756907005855254,0.4266666666666665,0.06091490997525261,0.4266666666666665,0.06660370261341113,0.4266666666666665,0.06906756956657398,0.4266666666666665,0.07133389274712633,0.4266666666666665,0.07538869195732879,0.4266666666666665,0.07722036597174886,0.4266666666666665,0.07894366656671403
0.4373333333333331,0.008613000070367359,0.4373333333333331,0.02088850963094927,0.4373333333333331,0.02960628663839214,0.4373333333333331,0.03779943811663967,0.4373333333333331,0.04418136784800842,0.4373333333333331,0.05379701753731232,0.4373333333333331,0.05760266403485179,0.4373333333333331,0.06095367718274251,0.4373333333333331,0.06665277152793614,0.4373333333333331,0.06912177955611291,0.4373333333333331,0.07139324486770862,0.4373333333333331,0.07545835046599811,0.4373333333333331,0.07729519674424457,0.4373333333333331,0.07902368679416022
0.4479999999999998,0.008613709119407589,0.4479999999999998,0.02089273604982133,0.4479999999999998,0.02961498012886785,0.4479999999999998,0.03781409410619108,0.4479999999999998,0.04420209181460579,0.4479999999999998,0.05382985751200037,0.4479999999999998,0.05764152010233637,0.4479999999999998,0.06099852460477242,0.4479999999999998,0.06670955617070179,0.4479999999999998,0.06918452466524595,0.4479999999999998,0.07146195379882965,0.4479999999999998,0.07553901911640051,0.4479999999999998,0.07738187059563252,0.4479999999999998,0.07911638794915646
0.4586666666666664,0.008614521555575043,0.4586666666666664,0.02089757989737156,0.4586666666666664,0.02962494559814668,0.4586666666666664,0.03783089820046228,0.4586666666666664,0.04422585824378542,0.4586666666666664,0.05386753397072699,0.4586666666666664,0.0576861076129641,0.4586666666666664,0.06104999753867984,0.4586666666666664,0.06677475608441315,0.4586666666666664,0.06925658293108634,0.4586666666666664,0.07154087710692168,0.4586666666666664,0.07563171795192404,0.4586666666666664,0.07748149065415255,0.4586666666666664,0.07922295755535143
0.4693333333333331,0.00861544457979304,0.4693333333333331,0.02090308460178808,0.4693333333333331,0.02963627322641313,0.4693333333333331,0.03785000404932694,0.4693333333333331,0.04425288657001376,0.4693333333333331,0.05391040131506458,0.4693333333333331,0.05773684981447266,0.4693333333333331,0.06110858902951389,0.4693333333333331,0.06684900711600889,0.4693333333333331,0.06933866339076875,0.4693333333333331,0.07163079832841204,0.4693333333333331,0.07573738374238176,0.4693333333333331,0.07759507256007137,0.4693333333333331,0.07934449170628637
0.4799999999999998,0.008616484144863714,0.4799999999999998,0.02090928626118707,0.4799999999999998,0.02964903830194294,0.4799999999999998,0.03787154055254166,0.4799999999999998,0.04428336171039652,0.4799999999999998,0.05395876074250652,0.4799999999999998,0.05779410789018721,0.4799999999999998,0.06117472151984597,0.4799999999999998,0.06693285837471405,0.4799999999999998,0.06943138073453355,0.4799999999999998,0.07173239934342862,0.4799999999999998,0.07585683787237826,0.4799999999999998,0.07772351014722004,0.4799999999999998,0.07948195856371142
0.4906666666666664,0.008617644734102698,0.4906666666666664,0.02091621232417905,0.4906666666666664,0.02966329850788105,0.4906666666666664,0.03789560728846526,0.4906666666666664,0.04431742760656106,0.4906666666666664,0.0540128500396658,0.4906666666666664,0.05785816890349824,0.4906666666666664,0.06124873296377492,0.4906666666666664,0.06702675473734426,0.4906666666666664,0.06953523603155672,0.4906666666666664,0.07184623933819329,0.4906666666666664,0.07599076182482398,0.4906666666666664,0.07786754921141438,0.4906666666666664,0.07963617042774303
0.5013333333333331,0.008618929234590707,0.5013333333333331,0.02092388082862142,0.5013333333333331,0.02967909234753192,0.5013333333333331,0.03792227184404929,0.5013333333333331,0.0443551834311012,0.5013333333333331,0.05407283752599708,0.5013333333333331,0.05792923861205873,0.5013333333333331,0.06133086851468768,0.5013333333333331,0.06713102629460888,0.5013333333333331,0.06965060506219224,0.5013333333333331,0.07197274202846679,0.5013333333333331,0.07613968220576754,0.5013333333333331,0.07802777144741573,0.5013333333333331,0.07980776659499987
0.5119999999999998,0.008620338908813724,0.5119999999999998,0.02093230022136042,0.5119999999999998,0.0296964387555662,0.5119999999999998,0.03795156912687096,0.5119999999999998,0.0443966825738201,0.5119999999999998,0.05413882033333483,0.5119999999999998,0.05800743937221346,0.5119999999999998,0.06142127804266847,0.5119999999999998,0.06724588506508437,0.5119999999999998,0.06977773461870691,0.5119999999999998,0.0721121915415337,0.5119999999999998,0.07630396577893708,0.5119999999999998,0.07820458905813779,0.5119999999999998,0.0799972075436723
0.5226666666666665,0.008621873455331991,0.5226666666666665,0.02094146970409013,0.5226666666666665,0.02971533778376761,0.5226666666666665,0.0379835024741914,0.5226666666666665,0.04444193414967394,0.5226666666666665,0.05421082662243896,0.5226666666666665,0.05809281266742575,0.5226666666666665,0.06152001894957067,0.5226666666666665,0.06737142831818833,0.5226666666666665,0.06991674605455979,0.5226666666666665,0.07226473617660552,0.5226666666666665,0.07648382361239149,0.5226666666666665,0.07839824908105614,0.5226666666666665,0.08020477943377635
0.5333333333333332,0.008623531139793684,0.5333333333333332,0.02095137999527663,0.5333333333333332,0.02973577213711398,0.5333333333333332,0.03801804618503477,0.5333333333333332,0.04449090650474888,0.5333333333333332,0.05428882092188576,0.5333333333333332,0.0581853253052709,0.5333333333333332,0.06162706318858741,0.5333333333333332,0.06750764714515856,0.5333333333333332,0.07006764459062889,0.5333333333333332,0.07243039842343368,0.5333333333333332,0.07667932246492111,0.5333333333333332,0.07860884543551507,0.5333333333333332,0.08043060680352006
0.5439999999999999,0.008625308973199252,0.5439999999999999,0.0209620143719532,0.5439999999999999,0.02975770928243895,0.5439999999999999,0.03805514901149695,0.5439999999999999,0.04454353207023168,0.5439999999999999,0.05437271157635492,0.5439999999999999,0.05828487809413444,0.5439999999999999,0.06174230712694571,0.5439999999999999,0.06765443858086888,0.5439999999999999,0.07023033251731027,0.5439999999999999,0.0726090892164151,0.5439999999999999,0.0768904010720322,0.5439999999999999,0.0788363361945439,0.5439999999999999,0.08067467081067035
0.5546666666666666,0.008627202914429404,0.5546666666666666,0.02097334985573722,0.5546666666666666,0.02978110385291761,0.5546666666666666,0.03809473814691205,0.5546666666666666,0.04459971291609893,0.5546666666666666,0.05446235929335373,0.5546666666666666,0.05839131581267999,0.5546666666666666,0.06186558289219822,0.5546666666666666,0.0678116195805656,0.5546666666666666,0.07040462443223196,0.5546666666666666,0.07280062440177709,0.5546666666666666,0.07711688899044401,0.5546666666666666,0.0790805635832805,0.5546666666666666,0.08093683036544932
0.5653333333333334,0.008629208077345636,0.5653333333333334,0.02098535842683,0.5653333333333334,0.0298059001111582,0.5653333333333334,0.03813672331446326,0.5653333333333334,0.0446593264485476,0.5653333333333334,0.05455758592095603,0.5653333333333334,0.05850443745346404,0.5653333333333334,0.06199667003509411,0.5653333333333334,0.06797894139524797,0.5653333333333334,0.07059026291587511,0.5653333333333334,0.07300474168052853,0.5653333333333334,0.07735852598936788,0.5653333333333334,0.07934127455690618,0.5653333333333334,0.08121684387366003
0.5760000000000001,0.008631318927676717,0.5760000000000001,0.02099800817867758,0.5760000000000001,0.02983203429263807,0.5760000000000001,0.03818100065825594,0.5760000000000001,0.0447222308331613,0.5760000000000001,0.05465818280414618,0.5760000000000001,0.0586240059744132,0.5760000000000001,0.06213530663099352,0.5760000000000001,0.06815610324955321,0.5760000000000001,0.07078693344225671,0.5760000000000001,0.07322111671898301,0.5760000000000001,0.07761498047278972,0.5760000000000001,0.07961814033994923,0.5760000000000001,0.08151438987018703
0.5866666666666668,0.008633529460072618,0.5866666666666668,0.0210112643564681,0.5866666666666668,0.02985943671343558,0.5866666666666668,0.03822745624278473,0.5866666666666668,0.04478826987146811,0.5866666666666668,0.05476391829439856,0.5866666666666668,0.05874975705842361,0.5866666666666668,0.06228119924697231,0.5866666666666668,0.06834276460657132,0.5866666666666668,0.07099427773917978,0.5866666666666668,0.07344937757217787,0.5866666666666668,0.07788586594163463,0.5866666666666668,0.07991077386821079,0.5866666666666668,0.08182908541674994
0.5973333333333335,0.008635833350266308,0.5973333333333335,0.02102509024951842,0.5973333333333335,0.02988803358104304,0.5973333333333335,0.03827596905832808,0.5973333333333335,0.04485727718697886,0.5973333333333335,0.05487454418740886,0.5973333333333335,0.05888140661640778,0.5973333333333335,0.0624340314710645,0.5973333333333335,0.06853855563976281,0.5973333333333335,0.07121190518069774,0.5973333333333335,0.07368911696562189,0.5973333333333335,0.07817075496728505,0.5973333333333335,0.08021874456790275,0.5973333333333335,0.08216050166154765
0.6080000000000002,0.008638224080807885,0.6080000000000002,0.02103944792841869,0.6080000000000002,0.02991774848950817,0.6080000000000002,0.03832641350072284,0.6080000000000002,0.04492907967621529,0.6080000000000002,0.05498980101888131,0.6080000000000002,0.0590186569511268,0.6080000000000002,0.06259347090844751,0.6080000000000002,0.06874308579199369,0.6080000000000002,0.07143940207940971,0.6080000000000002,0.07393990229049026,0.6080000000000002,0.07846919050616254,0.6080000000000002,0.0805415902885175,0.6080000000000002,0.08250817636372287
0.6186666666666669,0.008640695041265835,0.6186666666666669,0.02105429883212728,0.6186666666666669,0.02994850360937339,0.6186666666666669,0.03837866134281619,0.6186666666666669,0.04500350024872245,0.6186666666666669,0.05510942225506554,0.6186666666666669,0.05916120162446194,0.6186666666666669,0.06275917469297032,0.6186666666666669,0.06895595048070534,0.6186666666666669,0.07167633894246156,0.6186666666666669,0.07420128338069047,0.6186666666666669,0.07878069463151698,0.6186666666666669,0.08087882646882695,0.6186666666666669,0.08287162346460568
0.6293333333333336,0.008643239605253074,0.6293333333333336,0.02106960421885305,0.6293333333333336,0.02998022060052491,0.6293333333333336,0.03843258324433114,0.6293333333333336,0.04508035992133968,0.6293333333333336,0.05523313747912536,0.6293333333333336,0.05930872914637306,0.6293333333333336,0.06293079364896917,0.6293333333333336,0.06917673611616991,0.6293333333333336,0.07192227587349841,0.6293333333333336,0.07447279826884,0.6293333333333336,0.0791047749074997,0.6293333333333336,0.08122995277399368,0.6293333333333336,0.08325033995603716
0.6400000000000003,0.008645851187351937,0.6400000000000003,0.02108532549878495,0.6400000000000003,0.03001282128468309,0.6400000000000003,0.03848804986132816,0.6400000000000003,0.04515947935227697,0.6400000000000003,0.05536067470602048,0.6400000000000003,0.05946092564094215,0.6400000000000003,0.0631079752808774,0.6400000000000003,0.06940502365291046,0.6400000000000003,0.07217676636111234,0.6400000000000003,0.0747539771815203,0.6400000000000003,0.07944092870371681,0.6400000000000003,0.08159445751996364,0.6400000000000003,0.08364381037892296
0.6506666666666671,0.008648523283209034,0.6506666666666671,0.02110142446790131,0.6506666666666671,0.03004622811666225,0.6506666666666671,0.03854493262042662,0.6506666666666671,0.04524067990611651,0.6506666666666671,0.05549176196738222,0.6506666666666671,0.05961747665520981,0.6506666666666671,0.0632903657799819,0.6506666666666671,0.06964039090918162,0.6506666666666671,0.07243935971058732,0.6506666666666671,0.07504434505205057,0.6506666666666671,0.07978864576928331,0.6506666666666671,0.08197182022345878,0.6506666666666671,0.08405150930891135
0.6613333333333338,0.008651249495937279,0.6613333333333338,0.02111786346130688,0.6613333333333338,0.03008036449193888,0.6613333333333338,0.0386031042203478,0.6613333333333338,0.04532378433726832,0.6613333333333338,0.0556261283022615,0.6613333333333338,0.05977806827000445,0.6613333333333338,0.06347761123030594,0.6613333333333338,0.06988241388037983,0.6613333333333338,0.0727096023659458,0.6613333333333338,0.07534342281825941,0.6613333333333338,0.08014740937325199,0.6613333333333338,0.08236151260307654,0.6613333333333338,0.08447290217253502
0.6720000000000005,0.008654023551650391,0.6720000000000005,0.02113460544271182,0.6720000000000005,0.03011515492434574,0.6720000000000005,0.03866243891711219,0.6720000000000005,0.04540861717067327,0.6720000000000005,0.05576350427616868,0.6720000000000005,0.05994238765621816,0.6720000000000005,0.06366935817753949,0.6720000000000005,0.07013066724988497,0.6720000000000005,0.07298703834487982,0.6720000000000005,0.07565072774648458,0.6720000000000005,0.08051669628810612,0.6720000000000005,0.08276299832506311,0.6720000000000005,0.08490744470355442
0.6826666666666672,0.008656839306563937,0.6826666666666672,0.02115161404436764,0.6826666666666672,0.03015052512301171,0.6826666666666672,0.0387228126414259,0.6826666666666672,0.045495004847668,0.6826666666666672,0.05590362213387406,0.6826666666666672,0.06011012320013551,0.6826666666666672,0.06386525370240598,0.6826666666666672,0.07038472427293123,0.6826666666666672,0.07327120897865835,0.6826666666666672,0.07596577298993025,0.6826666666666672,0.08089597585532271,0.6826666666666672,0.08317573174739028,0.6826666666666672,0.08535458130709486
0.6933333333333339,0.008659690747690948,0.6933333333333339,0.02116885356938389,0.6933333333333339,0.03018640199282848,0.6933333333333339,0.03878410298871725,0.6933333333333339,0.04558277569362661,0.6933333333333339,0.05604621567402,0.6933333333333339,0.06028096430101249,0.6933333333333339,0.06406494511644281,0.6933333333333339,0.07064415618018728,0.6933333333333339,0.07356165211755472,0.6933333333333339,0.07628806655549669,0.6933333333333339,0.0812847083330369,0.6933333333333339,0.08359915587457596,0.6933333333333339,0.0858137425560782
0.7040000000000006,0.008662571988781013,0.7040000000000006,0.02118628896612816,0.7040000000000006,0.03022271357818029,0.7040000000000006,0.03884618911472292,0.7040000000000006,0.04567175975341595,0.7040000000000006,0.0561910199171168,0.7040000000000006,0.06045460092491269,0.7040000000000006,0.06426807937634024,0.7040000000000006,0.07090853122071133,0.7040000000000006,0.07385790093287402,0.7040000000000006,0.07661710982131686,0.7040000000000006,0.08168234268978815,0.7040000000000006,0.08403269969765699,0.7040000000000006,0.08628434200447195
0.7146666666666673,0.008665477262814454,0.7146666666666673,0.02120388578241676,0.7146666666666673,0.03025938896563746,0.7146666666666673,0.03890895156279992,0.7146666666666673,0.04576178853133869,0.7146666666666673,0.05633777062407012,0.7146666666666673,0.06063072298181716,0.7146666666666673,0.06447430229364463,0.7146666666666673,0.07117741344011656,0.7146666666666673,0.07415948242074012,0.7146666666666673,0.07695239571936327,0.7146666666666673,0.08208831397666828,0.7146666666666673,0.08447577506056204,0.7146666666666673,0.08676577246754903
0.7253333333333341,0.008668400912076454,0.7253333333333341,0.02122161010553485,0.7253333333333341,0.03029635815789872,0.7253333333333341,0.03897227204345986,0.7253333333333341,0.04585269466427194,0.7253333333333341,0.05648620371003501,0.7253333333333341,0.06080901957873029,0.7253333333333341,0.06468325760026072,0.7253333333333341,0.07145036126971961,0.7253333333333341,0.07446591569097238,0.7253333333333341,0.07729340667400447,0.7253333333333341,0.08250204038400993,0.7253333333333341,0.08492777316680342,0.7253333333333341,0.08725740189104121
0.7360000000000008,0.008671337376600377,0.7360000000000008,0.02123942849272167,0.7360000000000008,0.03033355192844247,0.7360000000000008,0.03903603318192565,0.7360000000000008,0.04594431155017516,0.7360000000000008,0.0566360545883243,0.7360000000000008,0.06098917818966003,0.7360000000000008,0.06489458591682505,0.7360000000000008,0.07172692598602208,0.7360000000000008,0.07477671010664635,0.7360000000000008,0.07763961236841893,0.7360000000000008,0.08292292006773809,0.7360000000000008,0.0853880608187112,0.7360000000000008,0.08775856890912162
0.7466666666666675,0.008674281181578676,0.7466666666666675,0.02125730789565457,0.7466666666666675,0.03037090166408105,0.7466666666666675,0.03910011824573912,0.7466666666666675,0.04603647294887614,0.7466666666666675,0.05678705747101516,0.7466666666666675,0.06117088377398041,0.7466666666666675,0.06510792366034138,0.7466666666666675,0.07200665008694943,0.7466666666666675,0.075091363325947,0.7466666666666675,0.07799046739595231,0.7466666666666675,0.08335032781442515,0.7466666666666675,0.08585597646509971,0.7466666666666675,0.08826857817489162
0.7573333333333342,0.008677226924190106,0.7573333333333342,0.02127521558157782,0.7573333333333342,0.03040833920083618,0.7573333333333342,0.03916441086150897,0.7573333333333342,0.04612901256795914,0.7573333333333342,0.05693894464659648,0.7573333333333342,0.06135381786738353,0.7573333333333342,0.0653229019192185,0.7573333333333342,0.07228906562133652,0.7573333333333342,0.07540935928737087,0.7573333333333342,0.07834540884229522,0.7573333333333342,0.08378361160238865,0.7573333333333342,0.08633082612169739,0.7573333333333342,0.08878669553594631
0.7680000000000009,0.008680169260178321,0.7680000000000009,0.02129311905305842,0.7680000000000009,0.03044579665719487,0.7680000000000009,0.03922879472763958,0.7680000000000009,0.04622176364344954,0.7680000000000009,0.05709144575029411,0.7680000000000009,0.06153765766415349,0.7680000000000009,0.06553914531771067,0.7680000000000009,0.07257369250089277,0.7680000000000009,0.0757301661716052,0.7680000000000009,0.07870385383650298,0.7680000000000009,0.08422208910825481,0.7680000000000009,0.086811879221252,0.7680000000000009,0.08931214312111709
0.7786666666666676,0.008683102890432094,0.7786666666666676,0.02131098596785848,0.7786666666666676,0.03048320626781133,0.7786666666666676,0.03929315332823549,0.7786666666666676,0.04631455852272552,0.7786666666666676,0.05724428703927539,0.7786666666666676,0.06172207510557891,0.7786666666666676,0.06575627088743638,0.7786666666666676,0.07286003681891685,0.7786666666666676,0.07605323436833276,0.7786666666666676,0.07906519710364475,0.7786666666666676,0.08466504420395433,0.7786666666666676,0.08729836444636224,0.7786666666666676,0.08984409440177837
0.7893333333333343,0.008686022547755102,0.7893333333333343,0.02132878406006175,0.7893333333333343,0.03052050022003195,0.7893333333333343,0.03935736965226816,0.7893333333333343,0.04640722825556681,0.7893333333333343,0.05739719068270682,0.7893333333333343,0.06190673598684005,0.7893333333333343,0.06597388696088773,0.7893333333333343,0.07314758919709259,0.7893333333333343,0.07637799447332624,0.7893333333333343,0.07942880854930488,0.7893333333333343,0.08511172348743752,0.7893333333333343,0.08778946559762696,0.7893333333333343,0.09038166929208659
0.800000000000001,0.008688922983981578,0.800000000000001,0.02134648106339006,0.800000000000001,0.03055761049519599,0.800000000000001,0.03942132592139398,0.800000000000001,0.0464996021983278,0.800000000000001,0.05754987407542664,0.800000000000001,0.06209129909335013,0.800000000000001,0.06619159210054709,0.800000000000001,0.0734358231806088,0.800000000000001,0.0767038553404128,0.800000000000001,0.07979403090577057,0.800000000000001,0.08556133289171115,0.800000000000001,0.08828431755204688,0.800000000000001,0.09092392935639934
0.8106666666666678,0.008691801708877575,0.8106666666666678,0.0213640614473984,0.8106666666666678,0.03059450400631733,0.8106666666666678,0.03948496422828895,0.8106666666666678,0.0465915957068803,0.8106666666666678,0.05770219513735431,0.8106666666666678,0.06227559204664745,0.8106666666666678,0.06640918276422728,0.8106666666666678,0.07372447080844541,0.8106666666666678,0.07703051597093234,0.8106666666666678,0.08016052967337645,0.8106666666666678,0.08601346937156565,0.8106666666666678,0.08878248185119623,0.8106666666666678,0.09147039944474067
0.8213333333333345,0.008694657347069543,0.8213333333333345,0.02138151644666623,0.8213333333333345,0.03063116178410563,0.8213333333333345,0.0395482508532999,0.8213333333333345,0.04668315886135043,0.8213333333333345,0.05785406843746904,0.8213333333333345,0.06245951045838732,0.8213333333333345,0.06662653500388575,0.8213333333333345,0.07401336776885321,0.8213333333333345,0.07735779148726248,0.8213333333333345,0.08052809924245762,0.8213333333333345,0.0864678851294029,0.8213333333333345,0.08928368879241814,0.8213333333333345,0.09202078680038582
0.8320000000000012,0.008697479547941037,0.8320000000000012,0.02139878233484903,0.8320000000000012,0.03066744925513038,0.8320000000000012,0.0396109521295521,0.8320000000000012,0.04677395192763866,0.8320000000000012,0.0580049259924062,0.8320000000000012,0.06264236438105097,0.8320000000000012,0.06684283139895414,0.8320000000000012,0.07430142385944694,0.8320000000000012,0.07768444562590066,0.8320000000000012,0.08089535025956292,0.8320000000000012,0.08692286131728863,0.8320000000000012,0.08978604169651856,0.8320000000000012,0.0925730069586768
0.8426666666666679,0.008700261691819566,0.8426666666666679,0.02141581802318885,0.8426666666666679,0.03070327908852643,0.8426666666666679,0.03967291533981636,0.8426666666666679,0.04686375140678673,0.8426666666666679,0.05815438954557441,0.8426666666666679,0.06282369164844688,0.8426666666666679,0.06705752127685075,0.8426666666666679,0.07458789652619684,0.8426666666666679,0.07800963181810623,0.8426666666666679,0.08126132623990193,0.8426666666666679,0.08737720181211464,0.8426666666666679,0.09028821332263783,0.8426666666666679,0.09312559279673385
0.8533333333333346,0.008702998004425028,0.8533333333333346,0.02143258747352721,0.8533333333333346,0.03073857434911005,0.8533333333333346,0.039734005277203,0.8533333333333346,0.04695235849298706,0.8533333333333346,0.05830211952588361,0.8533333333333346,0.06300307545234926,0.8533333333333346,0.0672701057096039,0.8533333333333346,0.07487210665870245,0.8533333333333346,0.07833257213042132,0.8533333333333346,0.08162514399696172,0.8533333333333346,0.08782979122515311,0.8533333333333346,0.09078895977532235,0.8533333333333346,0.09367716230098901
0.8640000000000013,0.008705682902672747,0.8640000000000013,0.02144905571116703,0.8640000000000013,0.03077326014332691,0.8640000000000013,0.03979408985930286,0.8640000000000013,0.0470395783083712,0.8640000000000013,0.05844778074814917,0.8640000000000013,0.06318010288300489,0.8640000000000013,0.06748008860159446,0.8640000000000013,0.07515337377305553,0.8640000000000013,0.07865248393392936,0.8640000000000013,0.08198591138559884,0.8640000000000013,0.08827949346181538,0.8640000000000013,0.09128700877595017,0.8640000000000013,0.09422629607996234
0.874666666666668,0.008708310839794174,0.874666666666668,0.0214651878838636,0.874666666666668,0.03080726165217956,0.874666666666668,0.03985303674861165,0.874666666666668,0.04712521503335219,0.874666666666668,0.05859103438519783,0.874666666666668,0.0633543552269218,0.874666666666668,0.0676869652385277,0.874666666666668,0.0754310008007327,0.874666666666668,0.07896856266416934,0.874666666666668,0.08234270792511136,0.874666666666668,0.08872512774530493,0.874666666666668,0.09178103323865386,0.874666666666668,0.09477150841861418
0.8853333333333347,0.008710876255593145,0.8853333333333347,0.02148094896274676,0.8853333333333347,0.03084050351118781,0.8853333333333347,0.03991071229653918,0.8853333333333347,0.04720907039636754,0.8853333333333347,0.05873153550606176,0.8853333333333347,0.06352540500254333,0.8853333333333347,0.06789021879690248,0.8853333333333347,0.07570426945695788,0.8853333333333347,0.0792799765685496,0.8853333333333347,0.08269457889227749,0.8853333333333347,0.0891654613276387,0.8853333333333347,0.09226964328504297,0.8853333333333347,0.09531123863014661
0.8960000000000015,0.008713373560028173,0.8960000000000015,0.02149630364734371,0.8960000000000015,0.03087290961980978,0.8960000000000015,0.03996698123079194,0.8960000000000015,0.04729094324236589,0.8960000000000015,0.0588689324167822,0.8960000000000015,0.06369281518875713,0.8960000000000015,0.06808931945820486,0.8960000000000015,0.07597243911346556,0.8960000000000015,0.07958586545252021,0.8960000000000015,0.08304053394205256,0.8960000000000015,0.08959920790867489,0.8960000000000015,0.0927513846290961,0.8960000000000015,0.09584384949624283
0.9066666666666682,0.008715797132697311,0.9066666666666682,0.02151121636865533,0.9066666666666682,0.03090440315842755,0.9066666666666682,0.04002170670473899,0.9066666666666682,0.04737062963072548,0.9066666666666682,0.0590028669015721,0.9066666666666682,0.06385613955948109,0.9066666666666682,0.06828372485084559,0.9066666666666682,0.07623474749970068,0.9066666666666682,0.07988534153858279,0.9066666666666682,0.08337954815261826,0.9066666666666682,0.09002502919872712,0.9066666666666682,0.09322474052197197,0.9066666666666682,0.09636762972704616
0.9173333333333349,0.008718141334174853,0.9173333333333349,0.02152565136588871,0.9173333333333349,0.03093490676231969,0.9173333333333349,0.0400747506228003,0.9173333333333349,0.04744792334026729,0.9173333333333349,0.05913297516876339,0.9173333333333349,0.06401492389243926,0.9173333333333349,0.06847288155212808,0.9173333333333349,0.07649041289479959,0.9173333333333349,0.0801774920666324,0.9173333333333349,0.08371056508981026,0.9173333333333349,0.09044153915293576,0.9173333333333349,0.09368813674952421,0.9173333333333349,0.09688079989484581
0.9280000000000016,0.008720400529673602,0.9280000000000016,0.02153957284013377,0.9280000000000016,0.03096434286023983,0.9280000000000016,0.04012597425650414,0.9280000000000016,0.04752261680476109,0.9280000000000016,0.0592588895484736,0.9280000000000016,0.06416870811445075,0.9280000000000016,0.06865622773078661,0.9280000000000016,0.07673863793734551,0.9280000000000016,0.0804613837912676,0.9280000000000016,0.08403250207898506,0.9280000000000016,0.09084731113954558,0.9280000000000016,0.09413994998418389,0.9280000000000016,0.09738152218170018
0.9386666666666683,0.008722569127727148,0.9386666666666683,0.0215529452019353,0.9386666666666683,0.03099263421405954,0.9386666666666683,0.04017523921596081,0.9386666666666683,0.04759450257527439,0.9386666666666683,0.05938024111151576,0.9386666666666683,0.06431702959504282,0.9386666666666683,0.06883319718866289,0.9386666666666683,0.07697861542022158,0.9386666666666683,0.08073606980604715,0.9386666666666683,0.08434425818252632,0.9386666666666683,0.09124088869145998,0.9386666666666683,0.09457852022117533,0.9386666666666683,0.09786791475189367
0.949333333333335,0.0087246416381701,0.949333333333335,0.02156573343949256,0.949333333333335,0.03101970471668663,0.949333333333335,0.04022240887771827,0.949333333333335,0.04766337545872856,0.949333333333335,0.05949666346911938,0.949333333333335,0.06445942791063472,0.949333333333335,0.06900322519228089,0.949333333333335,0.07720953661812355,0.949333333333335,0.08100059933146837,0.949333333333335,0.08464472561631239,0.949333333333335,0.09162080078715974,0.949333333333335,0.09500216835830369,0.949333333333335,0.09833807192291959
0.9600000000000017,0.008726612755059563,0.9600000000000017,0.02157790364268994,0.9600000000000017,0.03104548052346481,0.9600000000000017,0.04026735040149886,0.9600000000000017,0.04772903552825569,0.9600000000000017,0.05960779809198081,0.9600000000000017,0.06459545149859762,0.9600000000000017,0.06916575660159055,0.9600000000000017,0.07743060285533458,0.9600000000000017,0.081254031287583,0.9600000000000017,0.08493280554830078,0.9600000000000017,0.09198558287274654,0.9600000000000017,0.0954092202744995,0.9600000000000017,0.09879009163624086
0.9706666666666685,0.008728477471274202,0.9706666666666685,0.02158942372494256,0.9706666666666685,0.0310698916066767,0.9706666666666685,0.04030993749355469,0.9706666666666685,0.04779129223802388,0.9706666666666685,0.05971330155054547,0.9706666666666685,0.06472466669849876,0.9706666666666685,0.06932025689680847,0.9706666666666685,0.07764104114982398,0.9706666666666685,0.08149545261997514,0.9706666666666685,0.08520742939090079,0.9706666666666685,0.09233380505081373,0.9706666666666685,0.09579803900057678,0.9706666666666685,0.09922211199289641
0.9813333333333352,0.008730231231925709,0.9813333333333352,0.02160026438730637,0.9813333333333352,0.03109287382802592,0.9813333333333352,0.04035005408355394,0.9813333333333352,0.04784996988861794,0.9813333333333352,0.05981285510108767,0.9813333333333352,0.06484666970549452,0.9813333333333352,0.06946622673731712,0.9813333333333352,0.07784012481433424,0.9813333333333352,0.08172400239868367,0.9813333333333352,0.08546758675616975,0.9813333333333352,0.09266410893282694,0.9813333333333352,0.09616706665419081,0.9813333333333352,0.09963235870556043
0.9920000000000019,0.008731870132596747,0.9920000000000019,0.02161040036231245,0.9920000000000019,0.03111437160900575,0.9920000000000019,0.04038759905554587,0.9920000000000019,0.0479049146501131,0.9920000000000019,0.05990617697472307,0.9920000000000019,0.06496110187732247,0.9920000000000019,0.06960322058537836,0.9920000000000019,0.07802719975361722,0.9920000000000019,0.08193890254505835,0.9920000000000019,0.08571236105304407,0.9920000000000019,0.09297525440524737,0.9920000000000019,0.09651487753293347,0.9920000000000019,0.1000192050080169
1.002666666666669,0.008733391164469407,1.002666666666669,0.02161981195038256,1.002666666666669,0.03113434122659974,1.002666666666669,0.04042249208127389,1.002666666666669,0.04795600321397126,1.002666666666669,0.0599930374919385,1.002666666666669,0.06506766854630675,1.002666666666669,0.06973086957726982,1.002666666666669,0.07820171671013731,1.002666666666669,0.0821394954772298,1.002666666666669,0.08594097305757069,1.002666666666669,0.09326617672285149,1.002666666666669,0.09684024281929726,1.002666666666669,0.100381244513353
1.013333333333335,0.008734792500024133,1.013333333333335,0.02162848680948845,1.013333333333335,0.03115275465041839,1.013333333333335,0.04045468040833458,1.013333333333335,0.04800315285645505,1.013333333333335,0.0600732766281391,1.013333333333335,0.06516616087350877,1.013333333333335,0.06984890808305147,1.013333333333335,0.07836326868109897,1.013333333333335,0.08232528777249511,1.013333333333335,0.08615283141797085,1.013333333333335,0.09353605257850446,1.013333333333335,0.09714220536851832,1.013333333333335,0.1007173752991532
1.024000000000002,0.008736073798938093,1.024000000000002,0.02163642187122925,1.024000000000002,0.03116960365075264,1.024000000000002,0.04048414612756408,1.024000000000002,0.04804633221275707,1.024000000000002,0.06014682282262998,1.024000000000002,0.06525647925279343,1.024000000000002,0.06995720215402637,1.024000000000002,0.07851163100520887,1.024000000000002,0.08249599694765476,1.024000000000002,0.08634758676362878,1.024000000000002,0.09378437084372598,1.024000000000002,0.09742015973019778,1.024000000000002,0.1010268897912719
1.034666666666668,0.008737236494743698,1.034666666666668,0.02164362513775711,1.034666666666668,0.03118490365372363,1.034666666666668,0.04051091299853565,1.034666666666668,0.0480855714045588,1.034666666666668,0.06021371069179073,1.034666666666668,0.0653386553738235,1.034666666666668,0.0700557763685369,1.034666666666668,0.07864679927274743,1.034666666666668,0.08265159574212665,1.034666666666668,0.08652518296829748,1.034666666666668,0.09401099965437165,1.034666666666668,0.09767392803643556,1.034666666666668,0.1013095599724351
1.045333333333335,0.008738284003371916,1.045333333333335,0.02165011699287131,1.045333333333335,0.03119869656115935,1.045333333333335,0.04053505145711162,1.045333333333335,0.04812096949283626,1.045333333333335,0.06027409414917431,1.045333333333335,0.06541286862084793,1.045333333333335,0.07014483385699539,1.045333333333335,0.07876901780668695,1.045333333333335,0.08279234549989095,1.045333333333335,0.08668589591374054,1.045333333333335,0.09421623738139077,1.045333333333335,0.0979038177411171,1.045333333333335,0.1015657022504102
1.056000000000002,0.008739221784694235,1.056000000000002,0.02165593059802874,1.056000000000002,0.03121105161897944,1.056000000000002,0.04055668019275217,1.056000000000002,0.04815269687835073,1.056000000000002,0.06032825082856692,1.056000000000002,0.06547945173129739,1.056000000000002,0.0702247633746116,1.056000000000002,0.07887879018522127,1.056000000000002,0.0829188087609771,1.056000000000002,0.08683034838866165,1.056000000000002,0.09440083280850947,1.056000000000002,0.09811064469805038,1.056000000000002,0.1017962035298874
1.066666666666668,0.008740057199881522,1.066666666666668,0.02166111101653388,1.066666666666668,0.03122206357183332,1.066666666666668,0.04057596295257245,1.066666666666668,0.04818099066691182,1.066666666666668,0.06037657437807308,1.066666666666668,0.06553888146341579,1.066666666666668,0.07029612827958498,1.066666666666668,0.07897686463109586,1.066666666666668,0.08303183273239866,1.066666666666668,0.08695949153719391,1.066666666666668,0.0945659621120946,1.066666666666668,0.09829570761475835,1.066666666666668,0.1020024928771063
1.077333333333335,0.008740799147359238,1.077333333333335,0.02166571295754368,1.077333333333335,0.03123184787077528,1.077333333333335,0.04059310015769838,1.077333333333335,0.04820614238218294,1.077333333333335,0.06041955353751869,1.077333333333335,0.06559175291276656,1.077333333333335,0.07035963575522199,1.077333333333335,0.07906419190387691,1.077333333333335,0.08313250086865789,1.077333333333335,0.08707454964255651,1.077333333333335,0.09471315842851834,1.077333333333335,0.09846070911873267,1.077333333333335,0.1021864534416557
1.088000000000001,0.008741457519437099,1.088000000000001,0.02166979740050157,1.088000000000001,0.0312405334873592,1.088000000000001,0.04060831629963672,1.088000000000001,0.04822847944393316,1.088000000000001,0.06045774041270642,1.088000000000001,0.06563874044020072,1.088000000000001,0.07041608982631264,1.088000000000001,0.07914186055376284,1.088000000000001,0.0832220581499146,1.088000000000001,0.08717693462001805,1.088000000000001,0.0948442021437876,1.088000000000001,0.0986076325541201,1.088000000000001,0.1023502848096863
1.098666666666668,0.008742042575142375,1.098666666666668,0.02167342769361946,1.098666666666668,0.03124825459822506,1.098666666666668,0.04062184533469611,1.098666666666668,0.0482483436728797,1.098666666666668,0.06049171353980985,1.098666666666668,0.06568055210527975,1.098666666666668,0.07046633646707118,1.098666666666668,0.07921102099346326,1.098666666666668,0.08330182329249645,1.098666666666668,0.08726814537793484,1.098666666666668,0.09496099138028215,1.098666666666668,0.09873859638373171,1.098666666666668,0.1024963402237024
1.109333333333335,0.008742564345305921,1.109333333333335,0.02167666584847511,1.109333333333335,0.03125514267945384,1.109333333333335,0.04063391678094706,1.109333333333335,0.04826607080388343,1.109333333333335,0.06052204258877168,1.109333333333335,0.06571788605967982,1.109333333333335,0.07051121099255511,1.109333333333335,0.07927281250716089,1.109333333333335,0.08337310422841428,1.109333333333335,0.08734967078697112,1.109333333333335,0.09506541681710208,1.109333333333335,0.09885571333097661,1.109333333333335,0.1026269689959052
1.120000000000001,0.00874303216431766,1.120000000000001,0.02167956961901482,1.120000000000001,0.03126132026631023,1.120000000000001,0.04064474472699389,1.120000000000001,0.04828197426480443,1.120000000000001,0.06054926032543779,1.120000000000001,0.0657513958491476,1.120000000000001,0.07055149612403072,1.120000000000001,0.07932830485978289,1.120000000000001,0.0834371303718319,1.120000000000001,0.08742291178897403,1.120000000000001,0.0951592609023974,1.120000000000001,0.09896097683434082,1.120000000000001,0.1027443893610868
1.130666666666668,0.008743454374114485,1.130666666666668,0.02168219064985077,1.130666666666668,0.03126689698817945,1.130666666666668,0.04065452082919616,1.130666666666668,0.04829633481385668,1.130666666666668,0.06057384460047772,1.130666666666668,0.06578166805955765,1.130666666666668,0.07058789489307342,1.130666666666668,0.0793784603421725,1.130666666666668,0.0834950084622917,1.130666666666668,0.08748913047555254,1.130666666666668,0.09524413163414357,1.130666666666668,0.09905618629415007,1.130666666666668,0.1028506046310916
1.141333333333334,0.008743838195937534,1.141333333333334,0.02168457366755302,1.141333333333334,0.03127196782533665,1.141333333333334,0.04066341120919327,1.141333333333334,0.04830939591401684,1.141333333333334,0.06059621018649565,1.141333333333334,0.06580921210659743,1.141333333333334,0.07062101816762098,1.141333333333334,0.0794241160228522,1.141333333333334,0.08354770175997862,1.141333333333334,0.08754942592319234,1.141333333333334,0.09532143073482588,1.141333333333334,0.09914291095874803,1.141333333333334,0.1029473625160784
1.152000000000001,0.008744189733124857,1.152000000000001,0.02168675648760893,1.152000000000001,0.03127661310512386,1.152000000000001,0.04067155640871349,1.152000000000001,0.04832136361014586,1.152000000000001,0.06061670836503425,1.152000000000001,0.06583445959519742,1.152000000000001,0.07065138371769471,1.152000000000001,0.0794659819946294,1.152000000000001,0.08359602775312419,1.152000000000001,0.08760473126973158,1.152000000000001,0.09539234919966476,1.152000000000001,0.09922248459427278,1.152000000000001,0.1030361488632693
1.162666666666668,0.008744514057824948,1.162666666666668,0.02168877054466233,1.162666666666668,0.03128089961564044,1.162666666666668,0.0406790733119204,1.162666666666668,0.04833240930877943,1.162666666666668,0.06063563152723196,1.162666666666668,0.06585776988144373,1.162666666666668,0.07067942277460018,1.162666666666668,0.0795046500483142,1.162666666666668,0.08364066795678526,1.162666666666668,0.08765582469057494,1.162666666666668,0.09545788081655587,1.162666666666668,0.09929602039211492,1.162666666666668,0.1031182040468357
1.173333333333334,0.008744815339642912,1.173333333333334,0.02169064168513133,1.173333333333334,0.03128488228139509,1.173333333333334,0.04068605806053655,1.173333333333334,0.04834267402744563,1.173333333333334,0.06065322033028495,1.173333333333334,0.06587943880769591,1.173333333333334,0.07070549043798327,1.173333333333334,0.07954060774054258,1.173333333333334,0.08368218398946693,1.173333333333334,0.08770334761686513,1.173333333333334,0.09551884510795997,1.173333333333334,0.09936443651359315,1.173333333333334,0.10319455128847
1.184000000000001,0.008745096985996386,1.184000000000001,0.02169239103418888,1.184000000000001,0.03128860600017294,1.184000000000001,0.04069258925777631,1.184000000000001,0.0483522730773343,1.184000000000001,0.06066967162846326,1.184000000000001,0.06589970841276192,1.184000000000001,0.07072987728171554,1.184000000000001,0.0795742541887153,1.184000000000001,0.08372103568621383,1.184000000000001,0.08774782533211435,1.184000000000001,0.09557591343473214,1.184000000000001,0.09942848523575433,1.184000000000001,0.1032660290458358
1.194666666666667,0.008745361775941065,1.194666666666667,0.02169403582347491,1.194666666666667,0.03129210739864044,1.194666666666667,0.04069873103454474,1.194666666666667,0.04836130055057982,1.194666666666667,0.06068514609455153,1.194666666666667,0.06591877627714331,1.194666666666667,0.07075282054122901,1.194666666666667,0.07960591534665133,1.194666666666667,0.08375759864564471,1.194666666666667,0.0877896869581475,1.194666666666667,0.09562963440354118,1.194666666666667,0.09948878135670673,1.194666666666667,0.1033333226127607
1.205333333333334,0.008745611978493002,1.205333333333334,0.0216955901234924,1.205333333333334,0.03129541638680126,1.205333333333334,0.0407045357664604,1.205333333333334,0.04836983329967735,1.205333333333334,0.06069977499006013,1.205333333333334,0.06593680383196972,1.205333333333334,0.07077451406960955,1.205333333333334,0.07963585762566217,1.205333333333334,0.08379217989189079,1.205333333333334,0.0878292833112902,1.205333333333334,0.09568045660744742,1.205333333333334,0.0995458276387893,1.205333333333334,0.1033969924419836
1.216000000000001,0.008745849452497682,1.216000000000001,0.02169706546209439,1.216000000000001,0.03129855747127556,1.216000000000001,0.0407100463705234,1.216000000000001,0.04837793430301682,1.216000000000001,0.06071366589739927,1.216000000000001,0.06595392339818455,1.216000000000001,0.07079511677744985,1.216000000000001,0.07966429945618635,1.216000000000001,0.08382503117718981,1.216000000000001,0.08786690207837353,1.216000000000001,0.09572874797581984,1.216000000000001,0.09960003646883538,1.216000000000001,0.103457498266812
1.226666666666667,0.008746075728470578,1.226666666666667,0.02169847133151991,1.226666666666667,0.03130155083225682,1.226666666666667,0.04071529818920646,1.226666666666667,0.04838565542684503,1.226666666666667,0.06072690742779742,1.226666666666667,0.06597024397036716,1.226666666666667,0.07081475957059286,1.226666666666667,0.07969142080037946,1.226666666666667,0.0838563599319479,1.226666666666667,0.08790278031453592,1.226666666666667,0.09577481172257409,1.226666666666667,0.09965174771679342,1.226666666666667,0.1035152189948065
1.237333333333334,0.008746292074425817,1.237333333333334,0.02169981559632961,1.237333333333334,0.03130441319018482,1.237333333333334,0.04072032050708069,1.237333333333334,0.04839303964917811,1.237333333333334,0.0607395730142945,1.237333333333334,0.06598585587800146,1.237333333333334,0.07083355094320248,1.237333333333334,0.07971737082617165,1.237333333333334,0.08388633810145374,1.237333333333334,0.08793711453231141,1.237333333333334,0.09581889922854335,1.237333333333334,0.09970124316492764,1.237333333333334,0.1035704687846562
1.248,0.008746499548226819,1.248,0.02170110481789628,1.248,0.03130715849525558,1.248,0.04072513775767023,1.248,0.04840012282984945,1.248,0.06075172393201312,1.248,0.06600083449803999,1.248,0.07085158143357378,1.248,0.07974227402411782,1.248,0.08391510919128529,1.248,0.08797006874760556,1.248,0.09586122031980665,1.248,0.09974875802253522,1.248,0.1036235098777818
1.258666666666667,0.008746699038961315,1.258666666666667,0.02170234451090361,1.258666666666667,0.03130979847253661,1.258666666666667,0.04072977047773325,1.258666666666667,0.04840693511035234,1.258666666666667,0.06076341168758829,1.258666666666667,0.06601524319256392,1.258666666666667,0.07086892715061852,1.258666666666667,0.07976623505043345,1.258666666666667,0.08394279384669158,1.258666666666667,0.08800178085270995,1.258666666666667,0.09590195141186492,1.258666666666667,0.0997944900511484,1.258666666666667,0.1036745627684175
1.269333333333334,0.008746891299558848,1.269333333333334,0.02170353934557824,1.269333333333334,0.03131234305179884,1.269333333333334,0.04073423605982741,1.269333333333334,0.04841350201793335,1.269333333333334,0.06077467990429621,1.269333333333334,0.06602913562679937,1.269333333333334,0.07088565255691955,1.269333333333334,0.07978934255030998,1.269333333333334,0.08396949425790916,1.269333333333334,0.0880323676490164,1.269333333333334,0.09594124194286829,1.269333333333334,0.09983860677358286,1.269333333333334,0.1037238142389388
1.28,0.008747076972504812,1.28,0.02170469330714086,1.28,0.03131480070645112,1.28,0.04073854934579037,1.28,0.04841984533638263,1.28,0.06078556580918926,1.28,0.06604255759795633,1.28,0.07090181266475774,1.28,0.07981167217553857,1.28,0.08399529763760932,1.28,0.08806192882027232,1.28,0.09597921945370799,1.28,0.09988125116719997,1.28,0.1037714237061316
1.290666666666667,0.008747256610153466,1.290666666666667,0.02170580982177363,1.290666666666667,0.03131717872131983,1.290666666666667,0.04074272309566735,1.290666666666667,0.04842598379413245,1.290666666666667,0.06079610140844015,1.290666666666667,0.06605554848078236,1.290666666666667,0.07091745477206628,1.290666666666667,0.07983328897046157,1.290666666666667,0.08402027897069979,1.290666666666667,0.08809055007471338,1.290666666666667,0.09601599360622889,1.290666666666667,0.0999225461674485,1.290666666666667,0.1038175282416051
1.301333333333333,0.008747430690827078,1.301333333333333,0.021706891856462,1.301333333333333,0.03131948340490608,1.301333333333333,0.04074676835943699,1.301333333333333,0.04843193360976366,1.301333333333333,0.0608063144192524,1.301333333333333,0.06606814237380712,1.301333333333333,0.07093261983906744,1.301333333333333,0.07985424926436187,1.301333333333333,0.08404450319548362,1.301333333333333,0.08811830563766306,1.301333333333333,0.0960516593712524,1.301333333333333,0.09996259824121766,1.301333333333333,0.1038622465554721
1.312,0.008747599631630435,1.312,0.02170794199847729,1.312,0.0313217202583652,1.312,0.04075069477296003,1.312,0.04843770892632723,1.312,0.0608162290119359,1.312,0.06608036901214986,1.312,0.0709473435846095,1.312,0.0798746021787705,1.312,0.08406802694109149,1.312,0.08814526023716408,1.312,0.09608629956852796,1.312,0.1000015002338647,1.312,0.1039056821704257
1.322666666666667,0.008747763798703515,1.322666666666667,0.0217089625189626,1.322666666666667,0.03132389411069725,1.322666666666667,0.04075451079476084,1.322666666666667,0.04844332215886081,1.322666666666667,0.0608258664037061,1.322666666666667,0.06609225449797006,1.322666666666667,0.07096165736355357,1.322666666666667,0.07989439083384746,1.322666666666667,0.08409089991812396,1.322666666666667,0.08817147069335572,1.322666666666667,0.09611998689998157,1.322666666666667,0.1000393336484129,1.322666666666667,0.1039479259628391
1.333333333333333,0.008747923515468095,1.333333333333333,0.02170995542408605,1.333333333333333,0.03132600922750643,1.333333333333333,0.04075822389652417,1.333333333333333,0.0484487842739743,1.333333333333333,0.06083524533645594,1.333333333333333,0.06610382188821241,1.333333333333333,0.07097558887274709,1.333333333333333,0.07991365331918104,1.333333333333333,0.08411316603777624,1.333333333333333,0.08819698719761444,1.333333333333333,0.09615278558620925,1.333333333333333,0.100076170480054,1.333333333333333,0.1039890582080919
1.344,0.008748079069299886,1.344,0.02171092249642766,1.344,0.03132806939899742,1.344,0.04076184071722545,1.344,0.04845410501607322,1.344,0.06084438246336209,1.344,0.0661150916702184,1.344,0.07098916272234942,1.344,0.07993242347947729,1.344,0.08413486431759221,1.344,0.0882218543478088,1.344,0.09618475269103267,1.344,0.1001120747009885,1.344,0.1040291502361521
1.354666666666666,0.008748230716959508,1.354666666666666,0.02171186532866519,1.354666666666666,0.03133007801160195,1.354666666666666,0.04076536718859569,1.354666666666666,0.04845929309150866,1.354666666666666,0.06085329266359641,1.354666666666666,0.06612608214890171,1.354666666666666,0.07100240090091731,1.354666666666666,0.07995073155416901,1.354666666666666,0.08415602961884985,1.354666666666666,0.08824611199115606,1.354666666666666,0.09621593919995027,1.354666666666666,0.1001471034694162,1.354666666666666,0.1040682657795036
1.365333333333333,0.008748378689039767,1.365333333333333,0.02171278535116159,1.365333333333333,0.03133203810663377,1.365333333333333,0.0407688086378616,1.365333333333333,0.04846435631938167,1.365333333333333,0.06086198930006254,1.365333333333333,0.0661368097638247,1.365333333333333,0.07101532315630894,1.365333333333333,0.07996860470127592,1.365333333333333,0.08417669325048772,1.365333333333333,0.08826979591454238,1.365333333333333,0.09624639090340241,1.365333333333333,0.100181308119716,1.365333333333333,0.1041064620772547
1.376,0.008748523193629475,1.376,0.02171368385469222,1.376,0.03133395242861564,1.376,0.04077216987239798,1.376,0.04846930175579057,1.376,0.06087048443174063,1.376,0.06614728935045439,1.376,0.07102794730951519,1.376,0.07998606742902764,1.376,0.08419688346673275,1.376,0.08829293841333616,1.376,0.09627614912461989,1.376,0.1002147349784077,1.376,0.1041437907848766
1.386666666666666,0.008748664419350259,1.386666666666666,0.02171456200928238,1.386666666666666,0.03133582346533298,1.386666666666666,0.040775455249887,1.386666666666666,0.04847413579681533,1.386666666666666,0.06087878898970762,1.386666666666666,0.06615753435670046,1.386666666666666,0.07104028951479324,1.386666666666666,0.08000314195364841,1.386666666666666,0.08421662587956236,1.386666666666666,0.0883155687628536,1.386666666666666,0.09630525132289525,1.386666666666666,0.100247426040464,1.386666666666666,0.1041802987283081
1.397333333333333,0.008748802537889122,1.397333333333333,0.02171542087991544,1.397333333333333,0.03133765348123223,1.397333333333333,0.04077866873682409,1.397333333333333,0.04847886426438527,1.397333333333333,0.06088691292388959,1.397333333333333,0.06616755702347853,1.397333333333333,0.07105236447656567,1.397333333333333,0.08001984849764898,1.397333333333333,0.08423594380263316,1.397333333333333,0.0883377136114888,1.397333333333333,0.09633373159662471,1.397333333333333,0.100279419533253,1.397333333333333,0.1042160285327387
1.407999999999999,0.008748937706121538,1.407999999999999,0.02171626143970615,1.407999999999999,0.03133944454543307,1.407999999999999,0.04078181395758083,1.407999999999999,0.04848349247830276,1.407999999999999,0.06089486532615553,1.407999999999999,0.06617736853613541,1.407999999999999,0.07106418563133132,1.407999999999999,0.08003620554003804,1.407999999999999,0.08425485853970754,1.407999999999999,0.08835939731041943,1.407999999999999,0.09636162110516816,1.407999999999999,0.1003107503894564,1.407999999999999,0.1042510191499368
1.418666666666666,0.00874907006790341,1.418666666666666,0.02171708458101129,1.418666666666666,0.0313411985553514,1.418666666666666,0.04078489423578832,1.418666666666666,0.04848802531697601,1.418666666666666,0.06090265453411934,1.418666666666666,0.0661869791521658,1.418666666666666,0.07107576530108707,1.418666666666666,0.08005223002730082,1.418666666666666,0.08427338962792311,1.418666666666666,0.08838064219164658,1.418666666666666,0.09638894842464327,1.418666666666666,0.1003414506459487,1.418666666666666,0.1042853063029537
1.429333333333333,0.008749199755589632,1.429333333333333,0.02171789112485361,1.429333333333333,0.03134291725673841,1.429333333333333,0.040787912629435,1.429333333333333,0.04849246726894091,1.429333333333333,0.0609102882191877,1.429333333333333,0.06619639830952506,1.429333333333333,0.07108711482343359,1.429333333333333,0.0800679375523649,1.429333333333333,0.0842915550440788,1.429333333333333,0.08840146880381369,1.429333333333333,0.09641573984963933,1.429333333333333,0.1003715497820366,1.429333333333333,0.1043189228632941
1.439999999999999,0.008749326891329821,1.439999999999999,0.0217186818289579,1.439999999999999,0.03134460226076455,1.439999999999999,0.04079087196079372,1.439999999999999,0.04849682247678452,1.439999999999999,0.06091777346163265,1.439999999999999,0.06620563471898917,1.439999999999999,0.07109824466253141,1.439999999999999,0.08008334250715583,1.439999999999999,0.0843093713805439,1.439999999999999,0.08842189611325686,1.439999999999999,0.09644201965047774,1.439999999999999,0.1004010750078347,1.439999999999999,0.1043518991724371
1.450666666666666,0.008749451588178705,1.450666666666666,0.02171945739463655,1.450666666666666,0.03134625505866343,1.450666666666666,0.04079377484207034,1.450666666666666,0.04850109477478817,1.450666666666666,0.06092511681491445,1.450666666666666,0.06621469644329094,1.450666666666666,0.07110916450415478,1.450666666666666,0.0800984582133515,1.450666666666666,0.08432685399596851,1.450666666666666,0.08844194167627692,1.450666666666666,0.09646781029361531,1.450666666666666,0.1004300515113735,1.450666666666666,0.1043842633173457
1.461333333333332,0.008749573951052346,1.461333333333332,0.02172021847272329,1.461333333333332,0.03134787703434493,1.461333333333332,0.04079662369749593,1.461333333333332,0.04850528772135813,1.461333333333332,0.0609323243611113,1.461333333333332,0.06622359096530556,1.461333333333332,0.07111988333760079,1.461333333333332,0.08011329703499689,1.461333333333332,0.08434401714511934,1.461333333333332,0.08846162178754426,1.461333333333332,0.09649313263153214,1.461333333333332,0.1004585026714522,1.461333333333332,0.1044160413677923
1.471999999999999,0.008749694077555888,1.471999999999999,0.02172096566870733,1.471999999999999,0.03134946947531331,1.471999999999999,0.04079942078245373,1.471999999999999,0.04850940462709376,1.471999999999999,0.0609394017588759,1.471999999999999,0.06623232524704532,1.471999999999999,0.07113040952655601,1.471999999999999,0.08012787047596974,1.471999999999999,0.08436087409123812,1.471999999999999,0.08848095160851385,1.471999999999999,0.09651800606701669,1.471999999999999,0.1004864502417994,1.471999999999999,0.1044472575817023
1.482666666666666,0.00874981205870384,1.482666666666666,0.02172169954719901,1.482666666666666,0.03135103358216145,1.482666666666666,0.04080216820010232,1.482666666666666,0.04851344857918947,1.482666666666666,0.0609463542851436,1.482666666666666,0.06624090578097498,1.482666666666666,0.07114075087072576,1.482666666666666,0.080142189264721,1.482666666666666,0.08437743720372651,1.482666666666666,0.08849994527908103,1.482666666666666,0.09654244869602108,1.482666666666666,0.1005139145112313,1.482666666666666,0.1044779345837149
1.493333333333332,0.008749927979548872,1.493333333333332,0.0217224206358318,1.493333333333332,0.03135257047686554,1.493333333333332,0.04080486791591205,1.493333333333332,0.04851742246276285,1.493333333333332,0.06095318687157258,1.493333333333332,0.06624933863483001,1.493333333333332,0.0711509146596806,1.493333333333332,0.08015626342831843,1.493333333333332,0.08439371804350353,1.493333333333332,0.08851861601512992,1.493333333333332,0.09656647743246649,1.493333333333332,0.1005409144435383,1.493333333333332,0.1045080935211321
1.503999999999999,0.008750041919733819,1.503999999999999,0.02172312942868548,1.503999999999999,0.03135408121006634,1.503999999999999,0.04080752177041055,1.503999999999999,0.04852132897956758,1.503999999999999,0.06095990413651959,1.503999999999999,0.06625762949096105,1.503999999999999,0.07116090772010672,1.503999999999999,0.08017010235741245,1.503999999999999,0.08440972743789248,1.503999999999999,0.08853697619413857,1.503999999999999,0.09659010811773953,1.503999999999999,0.1005674678002389,1.503999999999999,0.1045377542008196
1.514666666666665,0.008750153953978863,1.514666666666665,0.02172382638930873,1.514666666666665,0.03135556676749162,1.514666666666665,0.04081013149043678,1.514666666666665,0.04852517066450715,1.514666666666665,0.06096651041325962,1.514666666666665,0.06626578368103808,1.514666666666665,0.07117073645749143,1.514666666666665,0.08018371486356797,1.514666666666665,0.08442547554670581,1.514666666666665,0.08855503743070378,1.514666666666665,0.09661335561732917,1.514666666666665,0.1005935912489012,1.514666666666665,0.1045669352099358
1.525333333333332,0.008750264152513999,1.525333333333332,0.02172451195340022,1.525333333333332,0.03135702807565981,1.525333333333332,0.04081269869912875,1.525333333333332,0.04852894990029265,1.525333333333332,0.06097300977503186,1.525333333333332,0.06627380621686899,1.525333333333332,0.07118040689314124,1.525333333333332,0.08019710923014199,1.525333333333332,0.08444097192090491,1.525333333333332,0.0885728106435798,1.525333333333332,0.09663623390657507,1.525333333333332,0.1006193004592801,1.525333333333332,0.1045956540231435
1.535999999999999,0.008750372581466544,1.535999999999999,0.02172518653121116,1.535999999999999,0.03135846600698657,1.535999999999999,0.04081522492486658,1.535999999999999,0.04853266893057046,1.535999999999999,0.0609794060574701,1.535999999999999,0.06628170181799087,1.535999999999999,0.07118992469732555,1.535999999999999,0.08021029325787925,1.535999999999999,0.08445622555514852,1.535999999999999,0.08859030611574117,1.535999999999999,0.09665875614753255,1.535999999999999,0.1006446101894469,1.535999999999999,0.1046239270986377
1.546666666666665,0.008750479303213524,1.546666666666665,0.02172585050973569,1.546666666666665,0.03135988138444269,1.546666666666665,0.0408177116094335,1.546666666666665,0.04853632987189983,1.546666666666665,0.06098570287907822,1.546666666666665,0.06628947493685253,1.546666666666665,0.07119929521952714,1.546666666666665,0.08022327430650043,1.546666666666665,0.08447124493575552,1.546666666666665,0.08860753354920861,1.546666666666665,0.09668093475909663,1.546666666666665,0.1006695343644464,1.546666666666665,0.1046517699658375
1.557333333333332,0.008750584376718039,1.557333333333332,0.02172650425479249,1.557333333333332,0.03136127498597975,1.557333333333332,0.04082016011577041,1.557333333333332,0.04853993472513662,1.557333333333332,0.06099190366068608,1.557333333333332,0.06629712978276696,1.557333333333332,0.07120852351721896,1.557333333333332,0.08023605933430805,1.557333333333332,0.08448603808634945,1.557333333333332,0.08862450211723147,1.557333333333332,0.09670278148382476,1.557333333333332,0.1006940861511898,1.557333333333332,0.1046791973089137
1.567999999999999,0.008750687857885211,1.567999999999999,0.02172714811323711,1.567999999999999,0.03136264754923895,1.567999999999999,0.04082257173622426,1.567999999999999,0.04854348538754857,1.567999999999999,0.06099801164619206,1.567999999999999,0.06630467034744213,1.567999999999999,0.07121761438656043,1.567999999999999,0.08024865494046787,1.567999999999999,0.08450061261666904,1.567999999999999,0.08864122052012566,1.567999999999999,0.09672430745944477,1.567999999999999,0.1007182780386897,1.567999999999999,0.1047062230562773
1.578666666666665,0.008750789800067276,1.578666666666665,0.02172778241610004,1.578666666666665,0.0313639997782293,1.578666666666665,0.04082494770427153,1.578666666666665,0.04854698367004998,1.578666666666665,0.0610040299321111,1.578666666666665,0.06631210044139806,1.578666666666665,0.07122657240622306,1.578666666666665,0.08026106742550609,1.578666666666665,0.0845149757924369,1.578666666666665,0.0886576970652812,1.578666666666665,0.09674552332161809,1.578666666666665,0.1007421219533749,1.578666666666665,0.1047328605092926
1.589333333333332,0.008750890255292394,1.589333333333332,0.02172840748622621,1.589333333333332,0.03136533235960987,1.589333333333332,0.04082728922310858,1.589333333333332,0.04855043133927518,1.589333333333332,0.06100996153988997,1.589333333333332,0.06631942378320069,1.589333333333332,0.07123540204491481,1.589333333333332,0.08027330294014222,1.589333333333332,0.08452913470747199,1.589333333333332,0.08867393986449362,1.589333333333332,0.09676643945773349,1.589333333333332,0.1007656295442492,1.589333333333332,0.1047591226607575
1.6,0.008750989279249031,1.6,0.02172902366929256,1.6,0.03136664602881158,1.6,0.04082959758183153,1.6,0.04855383028863959,1.6,0.06101580971017253,1.6,0.06632664436275457,1.6,0.07124410809937631,1.6,0.08028536809216025,1.6,0.08454309698594442,1.6,0.08868995763954057,1.6,0.09678706704419288,1.6,0.100788813348631,1.6,0.1047850234971757
