"/out0 (R0=500,Rf0=1000) X","/out0 (R0=500,Rf0=1000) Y","/out0 (R0=1500,Rf0=3000) X","/out0 (R0=1500,Rf0=3000) Y","/out0 (R0=2500,Rf0=5000) X","/out0 (R0=2500,Rf0=5000) Y","/out0 (R0=3750,Rf0=7500) X","/out0 (R0=3750,Rf0=7500) Y","/out0 (R0=5000,Rf0=10000) X","/out0 (R0=5000,Rf0=10000) Y","/out0 (R0=7500,Rf0=15000) X","/out0 (R0=7500,Rf0=15000) Y","/out0 (R0=8750,Rf0=17500) X","/out0 (R0=8750,Rf0=17500) Y","/out0 (R0=10000,Rf0=20000) X","/out0 (R0=10000,Rf0=20000) Y","/out0 (R0=12500,Rf0=25000) X","/out0 (R0=12500,Rf0=25000) Y","/out0 (R0=13750,Rf0=27500) X","/out0 (R0=13750,Rf0=27500) Y","/out0 (R0=15000,Rf0=30000) X","/out0 (R0=15000,Rf0=30000) Y","/out0 (R0=17500,Rf0=35000) X","/out0 (R0=17500,Rf0=35000) Y","/out0 (R0=18750,Rf0=37500) X","/out0 (R0=18750,Rf0=37500) Y","/out0 (R0=20000,Rf0=40000) X","/out0 (R0=20000,Rf0=40000) Y"
0,0.03605501224702148,0,0.07751073633848175,0,0.1019111045381078,0,0.1217931312626661,0,0.1354611392979079,0,0.1532987159529408,0,0.1594949751418615,0,0.1645637442838416,0,0.1723808443389001,0,0.1754640771481556,0,0.1781441893560508,0,0.1825784492194022,0,0.1844346640095192,0,0.186100362066227
0.01066666666666667,0.03605501584995242,0.01066666666666667,0.07751073714917631,0.01066666666666667,0.1019110715467576,0.01066666666666667,0.1217931333570933,0.01066666666666667,0.1354611422536397,0.01066666666666667,0.1532987198000861,0.01066666666666667,0.1594949793384333,0.01066666666666667,0.1645637487815135,0.01066666666666667,0.1723808493316633,0.01066666666666667,0.1754640823471209,0.01066666666666667,0.1781441947395711,0.01066666666666667,0.1825784549195555,0.01066666666666667,0.184434669221536,0.01066666666666667,0.1861003674679537
0.02133333333333334,0.0360550161011216,0.02133333333333334,0.07751073827432754,0.02133333333333334,0.1019110734853785,0.02133333333333334,0.1217931361405999,0.02133333333333334,0.1354611457247591,0.02133333333333334,0.1532987243188007,0.02133333333333334,0.1594949842658425,0.02133333333333334,0.1645637540622383,0.02133333333333334,0.1723808551932851,0.02133333333333334,0.1754640884506587,0.02133333333333334,0.1781442010596135,0.02133333333333334,0.1825784616110707,0.02133333333333334,0.1844346760736571,0.02133333333333334,0.1861003744668536
0.032,0.03605501644946554,0.032,0.07751073983478837,0.032,0.1019110761740327,0.032,0.1217931400010175,0.032,0.135461150538821,0.032,0.1532987305857604,0.032,0.1594949910996183,0.032,0.1645637613860249,0.032,0.1723808633227117,0.032,0.1754640969155956,0.032,0.1781442098248182,0.032,0.1825784708914666,0.032,0.184434685576799,0.032,0.1861003841735625
0.04266666666666667,0.03605501693221393,0.04266666666666667,0.07751074199733518,0.04266666666666667,0.1019110799000739,0.04266666666666667,0.121793145350935,0.04266666666666667,0.1354611572103332,0.04266666666666667,0.1532987392707552,0.04266666666666667,0.1594950005701284,0.04266666666666667,0.1645637715356115,0.04266666666666667,0.1723808745887862,0.04266666666666667,0.1754641086466355,0.04266666666666667,0.1781442219719816,0.04266666666666667,0.1825784837525999,0.04266666666666667,0.1844346987466195,0.04266666666666667,0.1861003976254929
0.05333333333333334,0.03605501760063318,0.05333333333333334,0.07751074499162405,0.05333333333333334,0.1019110850591945,0.05333333333333334,0.1217931527584934,0.05333333333333334,0.1354611664477913,0.05333333333333334,0.153298751296107,0.05333333333333334,0.1594950136831142,0.05333333333333334,0.1645637855888527,0.05333333333333334,0.1723808901879328,0.05333333333333334,0.1754641248895775,0.05333333333333334,0.1781442387910916,0.05333333333333334,0.1825785015602846,0.05333333333333334,0.184434716981715,0.05333333333333334,0.1861004162512026
0.06400000000000002,0.03605501852517808,0.06400000000000002,0.07751074913326969,0.06400000000000002,0.1019110921951988,0.06400000000000002,0.121793163004497,0.06400000000000002,0.1354611792248787,0.06400000000000002,0.1532987679293598,0.06400000000000002,0.159495031820763,0.06400000000000002,0.1645638050270507,0.06400000000000002,0.1723809117643955,0.06400000000000002,0.1754641473565273,0.06400000000000002,0.1781442620549903,0.06400000000000002,0.1825785261915646,0.06400000000000002,0.1844347422041826,0.06400000000000002,0.1861004420139615
0.07466666666666669,0.0360550198024515,0.07466666666666669,0.07751075485502139,0.07466666666666669,0.1019111020537068,0.07466666666666669,0.1217931771595219,0.07466666666666669,0.1354611968766396,0.07466666666666669,0.153298790908479,0.07466666666666669,0.1594950568782329,0.07466666666666669,0.164563831881248,0.07466666666666669,0.1723809415726459,0.07466666666666669,0.1754641783950006,0.07466666666666669,0.1781442941944593,0.07466666666666669,0.1825785602200933,0.07466666666666669,0.184434777049444,0.07466666666666669,0.1861004776056436
0.08533333333333336,0.03605502156454986,0.08533333333333336,0.0775107627486287,0.08533333333333336,0.1019111156542982,0.08533333333333336,0.1217931966875,0.08533333333333336,0.1354612212286409,0.08533333333333336,0.1532988226099946,0.08533333333333336,0.159495091446995,0.08533333333333336,0.1645638689287413,0.08533333333333336,0.1723809826954886,0.08533333333333336,0.175464221215033,0.08533333333333336,0.1781443385334044,0.08533333333333336,0.1825786071651449,0.08533333333333336,0.1844348251212481,0.08533333333333336,0.1861005267071943
0.09600000000000003,0.03605502399153619,0.09600000000000003,0.07751077362071915,0.09600000000000003,0.1019111343867802,0.09600000000000003,0.1217932235839434,0.09600000000000003,0.1354612547693514,0.09600000000000003,0.1532988662734016,0.09600000000000003,0.1594951390595441,0.09600000000000003,0.1645639199553161,0.09600000000000003,0.1723810393351605,0.09600000000000003,0.1754642801922934,0.09600000000000003,0.1781443996027063,0.09600000000000003,0.1825786718239136,0.09600000000000003,0.1844348913319265,0.09600000000000003,0.1861005943361738
0.1066666666666667,0.03605502732795857,0.1066666666666667,0.07751078856679604,0.1066666666666667,0.1019111601387,0.1066666666666667,0.1217932605590261,0.1066666666666667,0.1354613008784439,0.1066666666666667,0.1532989262983689,0.1066666666666667,0.1594952045134788,0.1066666666666667,0.1645639901025817,0.1066666666666667,0.1723811171988615,0.1066666666666667,0.1754643612695247,0.1066666666666667,0.1781444835559114,0.1066666666666667,0.1825787607116282,0.1066666666666667,0.1844349823530808,0.1066666666666667,0.1861006873070928
0.1173333333333334,0.03605503190453583,0.1173333333333334,0.07751080906838953,0.1173333333333334,0.1019111954627194,0.1173333333333334,0.1217933112779084,0.1173333333333334,0.1354613641264875,0.1173333333333334,0.1532990086348806,0.1173333333333334,0.1594952942969244,0.1173333333333334,0.16456408632389,0.1173333333333334,0.1723812240048352,0.1173333333333334,0.1754644724835094,0.1173333333333334,0.1781445987148781,0.1173333333333334,0.1825788826392805,0.1173333333333334,0.1844351072071814,0.1173333333333334,0.1861008148356941
0.128,0.03605503816632365,0.128,0.07751083711923909,0.128,0.1019112437940371,0.128,0.1217933806729186,0.128,0.1354614506642495,0.128,0.1532991212900141,0.128,0.1594954171411618,0.128,0.1645642179765846,0.128,0.1723813701397591,0.128,0.1754646246495964,0.128,0.1781447562785954,0.128,0.1825790494641011,0.128,0.1844352780360445,0.128,0.186100989323882
0.1386666666666667,0.03605504670885528,0.1386666666666667,0.07751087538720847,0.1386666666666667,0.1019113097293674,0.1386666666666667,0.1217934753441036,0.1386666666666667,0.1354615687221955,0.1386666666666667,0.1532992749782064,0.1386666666666667,0.1594955847296818,0.1386666666666667,0.1645643975819091,0.1386666666666667,0.1723815695022408,0.1386666666666667,0.1754648322399947,0.1386666666666667,0.1781449712326297,0.1386666666666667,0.1825792770524458,0.1386666666666667,0.1844355110868403,0.1386666666666667,0.1861012273668527
0.1493333333333333,0.03605505832384495,0.1493333333333333,0.07751092741904916,0.1493333333333333,0.1019113993797553,0.1493333333333333,0.1217936040658219,0.1493333333333333,0.1354617292422138,0.1493333333333333,0.1532994839436042,0.1493333333333333,0.1594958125949353,0.1493333333333333,0.164564641786045,0.1493333333333333,0.172381840569564,0.1493333333333333,0.175465114494558,0.1493333333333333,0.1781452634992928,0.1493333333333333,0.1825795864975743,0.1493333333333333,0.1844358279590896,0.1493333333333333,0.1861015510268034
0.16,0.03605507405601713,0.16,0.07751099789502658,0.16,0.1019115208092969,0.16,0.1217937784166576,0.16,0.1354619466631387,0.16,0.1532997669826662,0.16,0.159496121233388,0.16,0.1645649725551034,0.16,0.172382207724128,0.16,0.1754654968019477,0.16,0.1781456593678084,0.16,0.1825800056338676,0.16,0.1844362571552177,0.16,0.1861019894166867
0.1706666666666667,0.03605509527237835,0.1706666666666667,0.07751109293932767,0.1706666666666667,0.1019116845699871,0.1706666666666667,0.1217940135473601,0.1706666666666667,0.1354622398783908,0.1706666666666667,0.1533001486907603,0.1706666666666667,0.1594965374648745,0.1706666666666667,0.1645654186319488,0.1706666666666667,0.1723827028704803,0.1706666666666667,0.1754660123833987,0.1706666666666667,0.1781461932377828,0.1706666666666667,0.1825805708827374,0.1706666666666667,0.1844368359707681,0.1706666666666667,0.1861025806309186
0.1813333333333333,0.03605512374473083,0.1813333333333333,0.07751122048984661,0.1813333333333333,0.1019119043388886,0.1813333333333333,0.1217943290957055,0.1813333333333333,0.1354626333767989,0.1813333333333333,0.1533006609472511,0.1813333333333333,0.159497096051951,0.1813333333333333,0.1645660172716414,0.1813333333333333,0.1723833673616221,0.1813333333333333,0.1754667042984888,0.1813333333333333,0.1781469096961054,0.1813333333333333,0.1825813294515793,0.1813333333333333,0.1844376127460995,0.1813333333333333,0.1861033740452825
0.192,0.03605516174535306,0.192,0.07751139072705142,0.192,0.1019121976571108,0.192,0.1217947502475182,0.192,0.1354631585656959,0.192,0.1533013446377845,0.192,0.1594978415779239,0.192,0.164566816254058,0.192,0.1723842542329196,0.192,0.1754676277712255,0.192,0.1781478659255108,0.192,0.1825823418838135,0.192,0.1844386494776218,0.192,0.1861044329840831
0.2026666666666666,0.03605521215454163,0.2026666666666666,0.07751161655617793,0.2026666666666666,0.1019125867606903,0.2026666666666666,0.1217953089296466,0.2026666666666666,0.1354638552585285,0.2026666666666666,0.1533022515906833,0.2026666666666666,0.159498830558273,0.2026666666666666,0.1645678761466416,0.2026666666666666,0.1723854307136271,0.2026666666666666,0.1754688528051336,0.2026666666666666,0.1781491344123519,0.2026666666666666,0.1825836849257157,0.2026666666666666,0.1844400247533722,0.2026666666666666,0.1861058377185397
0.2133333333333333,0.03605527857724177,0.2133333333333333,0.07751191413037216,0.2133333333333333,0.1019130994820955,0.2133333333333333,0.1217960451043257,0.2133333333333333,0.1354647732888455,0.2133333333333333,0.153303446677722,0.2133333333333333,0.1595001337312978,0.2133333333333333,0.1645692727591607,0.2133333333333333,0.1723869809513878,0.2133333333333333,0.1754704670200995,0.2133333333333333,0.1781508058839784,0.2133333333333333,0.1825854546362417,0.2133333333333333,0.1844418369373902,0.2133333333333333,0.1861076887193131
0.2239999999999999,0.03605536546447127,0.2239999999999999,0.07751230339573133,0.2239999999999999,0.1019137701895012,0.2239999999999999,0.1217970081177394,0.2239999999999999,0.1354659741918171,0.2239999999999999,0.1533050100026506,0.2239999999999999,0.159501838444335,0.2239999999999999,0.1645710997007887,0.2239999999999999,0.1723890088502,0.2239999999999999,0.1754725786072723,0.2239999999999999,0.1781529923682793,0.2239999999999999,0.1825877696260882,0.2239999999999999,0.1844442074864004,0.2239999999999999,0.1861101100440977
0.2346666666666666,0.03605547823407774,0.2346666666666666,0.07751280863392536,0.2346666666666666,0.1019146407220215,0.2346666666666666,0.121798258042748,0.2346666666666666,0.1354675328783688,0.2346666666666666,0.1533070390798024,0.2346666666666666,0.1595040510290528,0.2346666666666666,0.1645734709253844,0.2346666666666666,0.1723916408950299,0.2346666666666666,0.1754753192699664,0.2346666666666666,0.1781558302386475,0.2346666666666666,0.1825907742811597,0.2346666666666666,0.1844472842504207,0.2346666666666666,0.1861132527087396
0.2453333333333333,0.03605562338497473,0.2453333333333333,0.07751345897643504,0.2453333333333333,0.1019157612761612,0.2453333333333333,0.1217998669515434,0.2453333333333333,0.1354695392217843,0.2453333333333333,0.1533096508983935,0.2453333333333333,0.1595068990519146,0.2453333333333333,0.1645765231427939,0.2453333333333333,0.1723950288274007,0.2453333333333333,0.175478847009261,0.2453333333333333,0.1781594830979877,0.2453333333333333,0.1825946418153863,0.2453333333333333,0.1844512445985422,0.2453333333333333,0.1861172978796796
0.2559999999999999,0.03605580859974845,0.2559999999999999,0.07751428886782553,0.2559999999999999,0.1019171912046785,0.2559999999999999,0.1218019200624667,0.2559999999999999,0.1354720994872174,0.2559999999999999,0.1533129837818401,0.2559999999999999,0.1595105333408735,0.2559999999999999,0.16458041799013,0.2559999999999999,0.1723993520541419,0.2559999999999999,0.1754833486315481,0.2559999999999999,0.1781641443746633,0.2559999999999999,0.1825995770182148,0.2559999999999999,0.1844562982319264,0.2559999999999999,0.1861224597467978
0.2666666666666666,0.0360560428325517,0.2666666666666666,0.07751533846454788,0.2666666666666666,0.1019189997046313,0.2666666666666666,0.121804516727689,0.2666666666666666,0.1354753375625463,0.2666666666666666,0.1533171989878317,0.2666666666666666,0.1595151297291141,0.2666666666666666,0.1645853438995319,0.2666666666666666,0.1724048197187097,0.2666666666666666,0.1754890419045193,0.2666666666666666,0.1781700395541795,0.2666666666666666,0.1826058186160792,0.2666666666666666,0.1844626896013303,0.2666666666666666,0.1861289879921385
0.2773333333333333,0.03605633638213062,0.2773333333333333,0.07751665396897597,0.2773333333333333,0.1019212663942145,0.2773333333333333,0.1218077712612027,0.2773333333333333,0.1354793959898405,0.2773333333333333,0.1533224820482272,0.2773333333333333,0.1595208905147308,0.2773333333333333,0.1645915176611822,0.2773333333333333,0.1724116724336724,0.2773333333333333,0.1754961773600636,0.2773333333333333,0.1781774280450357,0.2773333333333333,0.1826136412461216,0.2773333333333333,0.1844706999273928,0.2773333333333333,0.1861371698527437
0.2879999999999999,0.03605670095302059,0.2879999999999999,0.07751828791261262,0.2879999999999999,0.1019240818025137,0.2879999999999999,0.1218118136418309,0.2879999999999999,0.1354844368408071,0.2879999999999999,0.1533290439051574,0.2879999999999999,0.1595280456979009,0.2879999999999999,0.1645991857475543,0.2879999999999999,0.1724201837475765,0.2879999999999999,0.1755050398203365,0.2879999999999999,0.1781866047576975,0.2879999999999999,0.182623357125685,0.2879999999999999,0.1844806489092251,0.2879999999999999,0.1861473318649103
0.2986666666666666,0.03605714971050979,0.2986666666666666,0.07752029941384277,0.2986666666666666,0.1019275478160561,0.2986666666666666,0.1218167901544093,0.2986666666666666,0.1354906425150477,0.2986666666666666,0.1533371219462255,0.2986666666666666,0.1595368541077336,0.2986666666666666,0.1646086255191837,0.2986666666666666,0.1724306614798383,0.2986666666666666,0.1755159497862136,0.2986666666666666,0.1781979015408505,0.2986666666666666,0.182635317570442,0.2986666666666666,0.1844928962778153,0.2986666666666666,0.1861598414498181
0.3093333333333332,0.03605769733647139,0.3093333333333332,0.07752275444222387,0.3093333333333332,0.1019317781374714,0.3093333333333332,0.1218228640487991,0.3093333333333332,0.1354982165606762,0.3093333333333332,0.1533469810687406,0.3093333333333332,0.159547604560738,0.3093333333333332,0.1646201464642306,0.3093333333333332,0.172443449092954,0.3093333333333332,0.1755292648644958,0.3093333333333332,0.1782116886577478,0.3093333333333332,0.1826499145547521,0.3093333333333332,0.1845078433926661,0.3093333333333332,0.1861751085432564
0.3199999999999999,0.03605836009398568,0.3199999999999999,0.07752572612488556,0.3199999999999999,0.1019368988177844,0.3199999999999999,0.1218302163054198,0.3199999999999999,0.1355073846282895,0.3199999999999999,0.1533589149182291,0.3199999999999999,0.1595606172095293,0.3199999999999999,0.1646340916421133,0.3199999999999999,0.1724589272915858,0.3199999999999999,0.175545381431525,0.3199999999999999,0.178228376507451,0.3199999999999999,0.1826675825316295,0.3199999999999999,0.1845259351043332,0.3199999999999999,0.1861935874970601
0.3306666666666666,0.03605915591039732,0.3306666666666666,0.07752929513802143,0.3306666666666666,0.1019430489367368,0.3306666666666666,0.1218390466146781,0.3306666666666666,0.1355183956927236,0.3306666666666666,0.1533732474773561,0.3306666666666666,0.1595762452743606,0.3306666666666666,0.1646508395380694,0.3306666666666666,0.1724775160789226,0.3306666666666666,0.1755647367734299,0.3306666666666666,0.1782484178401057,0.3306666666666666,0.1826888007765978,0.3306666666666666,0.1845476621538528,0.3306666666666666,0.1862157795292839
0.3413333333333332,0.03606010449342376,0.3413333333333332,0.07753355024873544,0.3413333333333332,0.1019503815439604,0.3413333333333332,0.1218495747329978,0.3413333333333332,0.1355315237463041,0.3413333333333332,0.1533903352720308,0.3413333333333332,0.1595948774490522,0.3413333333333332,0.1646708066417567,0.3413333333333332,0.1724996776190787,0.3413333333333332,0.1755878120667097,0.3413333333333332,0.1782723108432943,0.3413333333333332,0.1827140966555665,0.3413333333333332,0.1845735645191176,0.3413333333333332,0.1862422361423518
0.3519999999999999,0.03606122750604362,0.3519999999999999,0.07753858912211435,0.3519999999999999,0.1019590650595192,0.3519999999999999,0.121862042501483,0.3519999999999999,0.1355470703212992,0.3519999999999999,0.1534105706624669,0.3519999999999999,0.1596169414923059,0.3519999999999999,0.164694451298349,0.3519999999999999,0.1725259205158423,0.3519999999999999,0.1756151368353066,0.3519999999999999,0.1783006037588142,0.3519999999999999,0.182744050515946,0.3519999999999999,0.1846042364247436,0.3519999999999999,0.1862735642415134
0.3626666666666665,0.03606254884563769,0.3626666666666665,0.07754451959731185,0.3626666666666665,0.1019692854857114,0.3626666666666665,0.1218767170337181,0.3626666666666665,0.1355653684744803,0.3626666666666665,0.1534343870456156,0.3626666666666665,0.159642909906651,0.3626666666666665,0.1647222798000965,0.3626666666666665,0.1725568065840856,0.3626666666666665,0.1756472960056933,0.3626666666666665,0.1783339021919843,0.3626666666666665,0.1827793034327893,0.3626666666666665,0.1846403342773354,0.3626666666666665,0.1863104342431145
0.3733333333333332,0.03606409510370557,0.3733333333333332,0.07755146177547349,0.3733333333333332,0.1019812500220748,0.3733333333333332,0.1218938959242333,0.3733333333333332,0.1355867892972112,0.3733333333333332,0.1534622673563528,0.3733333333333332,0.1596733092191045,0.3733333333333332,0.1647548563421493,0.3733333333333332,0.1725929619183423,0.3733333333333332,0.1756849414399208,0.3733333333333332,0.1783728810608638,0.3733333333333332,0.1828205698733675,0.3733333333333332,0.1846825896398654,0.3733333333333332,0.1863535933323728
0.3839999999999998,0.03606589632791873,0.3839999999999998,0.07755955146799558,0.3839999999999998,0.1019951930306421,0.3839999999999998,0.1219139158395867,0.3839999999999998,0.1356117526513474,0.3839999999999998,0.1534947580841783,0.3839999999999998,0.1597087352822437,0.3839999999999998,0.1647928194360229,0.3839999999999998,0.1726350951395712,0.3839999999999998,0.1757288109475283,0.3839999999999998,0.1784183042938213,0.3839999999999998,0.1828686585730384,0.3839999999999998,0.1847318306177519,0.3839999999999998,0.1864038873161566
0.3946666666666665,0.03606798727660495,0.3946666666666665,0.07756894586304423,0.3946666666666665,0.1020113858330447,0.3946666666666665,0.121937166622621,0.3946666666666665,0.1356407447903441,0.3946666666666665,0.1535324922718137,0.3946666666666665,0.1597498783772492,0.3946666666666665,0.1648369088350375,0.3946666666666665,0.1726840273232904,0.3946666666666665,0.1757797594665841,0.3946666666666665,0.1784710571331365,0.3946666666666665,0.1829245067677762,0.3946666666666665,0.1847890169264944,0.3946666666666665,0.1864622964544699
0.4053333333333332,0.03607040946693833,0.4053333333333332,0.07757983277241749,0.4053333333333332,0.1020301526923434,0.4053333333333332,0.1219641142935077,0.4053333333333332,0.1356743470891311,0.4053333333333332,0.1535762270005637,0.4053333333333332,0.1597975641243077,0.4053333333333332,0.164888009410025,0.4053333333333332,0.1727407407598086,0.4053333333333332,0.1758388098615834,0.4053333333333332,0.1785321987583165,0.4053333333333332,0.1829892359535858,0.4053333333333332,0.184855297008627,0.4053333333333332,0.1865299938189105
0.4159999999999998,0.0360732145189021,0.4159999999999998,0.07759244573022205,0.4159999999999998,0.1020518969043221,0.4159999999999998,0.1219953385927538,0.4159999999999998,0.1357132829299348,0.4159999999999998,0.1536269045488661,0.4159999999999998,0.159852820222436,0.4159999999999998,0.1649472227203802,0.4159999999999998,0.1728064584815187,0.4159999999999998,0.1759072357691706,0.4159999999999998,0.17860304810426,0.4159999999999998,0.1830642428105456,0.4159999999999998,0.1849321011676545,0.4159999999999998,0.186608440447567
0.4266666666666665,0.03607646969354745,0.4266666666666665,0.0776070890096616,0.4266666666666665,0.1020771440256384,0.4266666666666665,0.1220315951758101,0.4266666666666665,0.1357584953664336,0.4266666666666665,0.1536857536814242,0.4266666666666665,0.1599169869747153,0.4266666666666665,0.1650159855331416,0.4266666666666665,0.1728827759444548,0.4266666666666665,0.1759866987687581,0.4266666666666665,0.1786853259482549,0.4266666666666665,0.1831513497341474,0.4266666666666665,0.1850212957539263,0.4266666666666665,0.1866995428727198
0.4373333333333331,0.03608026736689778,0.4373333333333331,0.07762418043829115,0.4373333333333331,0.1021066158596668,0.4373333333333331,0.1220739220576245,0.4373333333333331,0.1358112800388777,0.4373333333333331,0.1537544629837874,0.4373333333333331,0.1599919064227011,0.4373333333333331,0.1650962726312282,0.4373333333333331,0.172971886349892,0.4373333333333331,0.1760794830921269,0.4373333333333331,0.1787813980278912,0.4373333333333331,0.1832530623945482,0.4373333333333331,0.1851254469735052,0.4373333333333331,0.1868059226445444
0.4479999999999998,0.03608474210791644,0.4479999999999998,0.07764432861256663,0.4479999999999998,0.1021413638974487,0.4479999999999998,0.1221238316041505,0.4479999999999998,0.1358735249141307,0.4479999999999998,0.1538354935117915,0.4479999999999998,0.1600802634957629,0.4479999999999998,0.1651909626278768,0.4479999999999998,0.1730769870688695,0.4479999999999998,0.1761889189824199,0.4479999999999998,0.178894713567259,0.4479999999999998,0.1833730343129144,0.4479999999999998,0.1852482967381456,0.4479999999999998,0.1869314024900103
0.4586666666666664,0.03609010383736019,0.4586666666666664,0.07766848287682195,0.4586666666666664,0.1021830285438732,0.4586666666666664,0.1221836835361479,0.4586666666666664,0.1359481760858607,0.4586666666666664,0.1539326863030048,0.4586666666666664,0.1601862489223653,0.4586666666666664,0.1653045488260737,0.4586666666666664,0.1732030694521272,0.4586666666666664,0.1763202054286739,0.4586666666666664,0.1790306575014399,0.4586666666666664,0.1835169697383353,0.4586666666666664,0.1853956874638605,0.4586666666666664,0.1870819511578362
0.4693333333333331,0.03609670895925432,0.4693333333333331,0.07769825517255101,0.4693333333333331,0.1022343955061873,0.4693333333333331,0.1222574856399264,0.4693333333333331,0.1360402377924131,0.4693333333333331,0.1540525668284898,0.4693333333333331,0.1603169827184008,0.4693333333333331,0.1654446657429415,0.4693333333333331,0.1733586150340941,0.4693333333333331,0.1764821771395918,0.4693333333333331,0.1791983808416834,0.4693333333333331,0.1836945629050662,0.4693333333333331,0.1855775484591128,0.4693333333333331,0.1872677129079794
0.4799999999999998,0.03610523450927824,0.4799999999999998,0.0777367083485848,0.4799999999999998,0.102300758895669,0.4799999999999998,0.1223528558451669,0.4799999999999998,0.1361592232601207,0.4799999999999998,0.1542075426607296,0.4799999999999998,0.1604860039562994,0.4799999999999998,0.1656258317567572,0.4799999999999998,0.1735597547020905,0.4799999999999998,0.1766916374667206,0.4799999999999998,0.179415289253334,0.4799999999999998,0.1839242540261089,0.4799999999999998,0.1858127676763501,0.4799999999999998,0.187507985131719
0.4906666666666664,0.03611718569589856,0.4906666666666664,0.07779065508386504,0.4906666666666664,0.1023938978825778,0.4906666666666664,0.1224867481658434,0.4906666666666664,0.1363263087450884,0.4906666666666664,0.1544252408033236,0.4906666666666664,0.1607234624268666,0.4906666666666664,0.1658803805661944,0.4906666666666664,0.1738424190801498,0.4906666666666664,0.1769860174125167,0.4906666666666664,0.1797201577808519,0.4906666666666664,0.1842471271087139,0.4906666666666664,0.1861434285753163,0.4906666666666664,0.1878457653328942
0.5013333333333331,0.03613671440742455,0.5013333333333331,0.07787890486857446,0.5013333333333331,0.1025463525009884,0.5013333333333331,0.1227060211122309,0.5013333333333331,0.1366000438876028,0.5013333333333331,0.1547820872254847,0.5013333333333331,0.1611127801668139,0.5013333333333331,0.1662977928100645,0.5013333333333331,0.1743060721793135,0.5013333333333331,0.1774689471328695,0.5013333333333331,0.1802203495419837,0.5013333333333331,0.1847769602883468,0.5013333333333331,0.1866860869078127,0.5013333333333331,0.1884001499618814
0.5119999999999998,0.03617829861557027,0.5119999999999998,0.07806722969084225,0.5119999999999998,0.102872093698251,0.5119999999999998,0.1231750301191653,0.5119999999999998,0.1371860097538878,0.5119999999999998,0.1555468487336973,0.5119999999999998,0.1619475027405948,0.5119999999999998,0.167193096108633,0.5119999999999998,0.175301188930174,0.5119999999999998,0.1785057125759533,0.5119999999999998,0.1812944310014171,0.5119999999999998,0.185915163713254,0.5119999999999998,0.1878520523694133,0.5119999999999998,0.1895915084691937
0.5226666666666665,0.03625892160913497,0.5226666666666665,0.07843387677588017,0.5226666666666665,0.1035078377064914,0.5226666666666665,0.1240923494212584,0.5226666666666665,0.1383339189853481,0.5226666666666665,0.1570485297782649,0.5226666666666665,0.1635880380073017,0.5226666666666665,0.1689540685974676,0.5226666666666665,0.1772610133205665,0.5226666666666665,0.1805486692732187,0.5226666666666665,0.1834119530748743,0.5226666666666665,0.1881609984021469,0.5226666666666665,0.1901535141460523,0.5226666666666665,0.1919438900363441
0.5333333333333332,0.03637265565540908,0.5333333333333332,0.07895461982947397,0.5333333333333332,0.1044144282417951,0.5333333333333332,0.125405092186478,0.5333333333333332,0.1399809986974487,0.5333333333333332,0.1592115792813186,0.5333333333333332,0.1659546351291015,0.5333333333333332,0.1714977035211477,0.5333333333333332,0.180097976301157,0.5333333333333332,0.183508650900846,0.5333333333333332,0.1864824769118474,0.5333333333333332,0.1914221989993221,0.5333333333333332,0.1934975610512221,0.5333333333333332,0.1953638713209229
0.5439999999999999,0.03651021425932423,0.5439999999999999,0.07959020236082977,0.5439999999999999,0.1055269980105391,0.5439999999999999,0.1270237918619496,0.5439999999999999,0.14201924885561,0.5439999999999999,0.1619024663614473,0.5439999999999999,0.1689047558552899,0.5439999999999999,0.1746741404406741,0.5439999999999999,0.1836511767717773,0.5439999999999999,0.1872205465970027,0.5439999999999999,0.1903373283358036,0.5439999999999999,0.1955244475661718,0.5439999999999999,0.1977076267106614,0.5439999999999999,0.1996729361838296
0.5546666666666666,0.03667144145847225,0.5546666666666666,0.08034350203654675,0.5546666666666666,0.1068545642344665,0.5546666666666666,0.1289668081681567,0.5546666666666666,0.1444768889279749,0.5546666666666666,0.1651686584604492,0.5546666666666666,0.1724949045788389,0.5546666666666666,0.1785484585032331,0.5546666666666666,0.1880014595198772,0.5546666666666666,0.1917724262413703,0.5546666666666666,0.1950713955962618,0.5546666666666666,0.2005751519296738,0.5546666666666666,0.2028968702852896,0.5546666666666666,0.204989687546438
0.5653333333333334,0.036860786395012,0.5653333333333334,0.08124040733204436,0.5653333333333334,0.1084485597211169,0.5653333333333334,0.1313172062221987,0.5653333333333334,0.1474666721056391,0.5653333333333334,0.1691756714250015,0.5653333333333334,0.1769139542693586,0.5653333333333334,0.1833311305285156,0.5653333333333334,0.1933979353319277,0.5653333333333334,0.1974307443916684,0.5653333333333334,0.2009673330156808,0.5653333333333334,0.2068863587598307,0.5653333333333334,0.2093907117953555,0.5653333333333334,0.2116521398506851
0.5760000000000001,0.0370853173663348,0.5760000000000001,0.08232229570243832,0.5760000000000001,0.1103918585282306,0.5760000000000001,0.1342100324250774,0.5760000000000001,0.1511733180248075,0.5760000000000001,0.1741980957924784,0.5760000000000001,0.1824769197378708,0.5760000000000001,0.1893749056708685,0.5760000000000001,0.2002617065431078,0.5760000000000001,0.2046476474237373,0.5760000000000001,0.2085064890089021,0.5760000000000001,0.2149929142960199,0.5760000000000001,0.2177485612612731,0.5760000000000001,0.2202429650599109
0.5866666666666668,0.03736645262836889,0.5866666666666668,0.08370717049950543,0.5866666666666668,0.1129146522643672,0.5866666666666668,0.138013777316693,0.5866666666666668,0.1560955843471538,0.5866666666666668,0.1809689114602989,0.5866666666666668,0.1900219872100633,0.5866666666666668,0.1976162681813124,0.5866666666666668,0.2097078374990837,0.5866666666666668,0.2146196281135043,0.5866666666666668,0.2189621854024756,0.5866666666666668,0.2263095705569216,0.5866666666666668,0.2294504403521812,0.5866666666666668,0.2323042062538989
0.5973333333333335,0.03777840409804836,0.5973333333333335,0.08580318730898112,0.5973333333333335,0.1168155568429695,0.5973333333333335,0.1440135388009583,0.5973333333333335,0.1639824273925756,0.5973333333333335,0.1921434316551841,0.5973333333333335,0.2026049040656525,0.5973333333333335,0.2114902014469184,0.5973333333333335,0.2258737724348764,0.5973333333333335,0.2318106065852772,0.5973333333333335,0.2371101459186748,0.5973333333333335,0.2461961381649605,0.5973333333333335,0.2501303624635041,0.5973333333333335,0.2537332864061856
0.6080000000000002,0.03856477862815923,0.6080000000000002,0.09007330522642593,0.6080000000000002,0.1251474830216457,0.6080000000000002,0.1574472282513343,0.6080000000000002,0.182353095661259,0.6080000000000002,0.2197456330509023,0.6080000000000002,0.2345775511970296,0.6080000000000002,0.2476866395610421,0.6080000000000002,0.2701538970241228,0.6080000000000002,0.2799832006903208,0.6080000000000002,0.2890940630323654,0.6080000000000002,0.305605057627135,0.6080000000000002,0.3131727663030033,0.6080000000000002,0.3203680367109226
0.6186666666666669,0.04158936346348157,0.6186666666666669,0.1118081234470378,0.6186666666666669,0.1807861679452641,0.6186666666666669,0.2689799135881172,0.6186666666666669,0.3572817255185591,0.6186666666666669,0.5346340030646232,0.6186666666666669,0.6232795267825511,0.6186666666666669,0.7112141817351141,0.6186666666666669,0.8793049729878311,0.6186666666666669,0.9534902152447065,0.6186666666666669,1.016389691221946,0.6186666666666669,1.106621815648549,0.6186666666666669,1.13781689649976,0.6186666666666669,1.162690981162745
0.6293333333333336,0.04593361779976624,0.6293333333333336,0.137796509863951,0.6293333333333336,0.229653513661637,0.6293333333333336,0.3444659827266636,0.6293333333333336,0.4592670365225531,0.6293333333333336,0.6887955847043687,0.6293333333333336,0.8034260121420821,0.6293333333333336,0.9176907667381231,0.6293333333333336,1.140902842402442,0.6293333333333336,1.242642982878327,0.6293333333333336,1.324186803544681,0.6293333333333336,1.394208071183027,0.6293333333333336,1.404182895519781,0.6293333333333336,1.411646502847234
0.6400000000000003,0.04593362515331427,0.6400000000000003,0.1377965355363935,0.6400000000000003,0.229653560542087,0.6400000000000003,0.344466070947119,0.6400000000000003,0.4592672269493392,0.6400000000000003,0.6887973215675977,0.6400000000000003,0.8034320660594242,0.6400000000000003,0.9177115956126861,0.6400000000000003,1.141116927295792,0.6400000000000003,1.243230109736215,0.6400000000000003,1.325313647757271,0.6400000000000003,1.412345563643815,0.6400000000000003,1.43439044379494,0.6400000000000003,1.450552193011398
0.6506666666666671,0.04593362578090195,0.6506666666666671,0.1377965377267233,0.6506666666666671,0.2296535645382659,0.6506666666666671,0.3444660784531476,0.6506666666666671,0.4592672430655533,0.6506666666666671,0.6887974676216951,0.6506666666666671,0.8034325724611152,0.6506666666666671,0.9177133124245896,0.6506666666666671,1.141132468452863,0.6506666666666671,1.24326776723398,0.6506666666666671,1.32538627599002,0.6506666666666671,1.412523324635774,0.6506666666666671,1.434621596507763,0.6506666666666671,1.450826963463227
0.6613333333333338,0.0459336260975884,0.6613333333333338,0.1377965388319479,0.6613333333333338,0.2296535665545427,0.6613333333333338,0.3444660822394438,0.6613333333333338,0.4592672511918011,0.6613333333333338,0.6887975411818579,0.6613333333333338,0.8034328270877443,0.6613333333333338,0.9177141713190065,0.6613333333333338,1.141139792938953,0.6613333333333338,1.24328404233081,0.6613333333333338,1.325410494230524,0.6613333333333338,1.412546235780072,0.6613333333333338,1.434643477818359,0.6613333333333338,1.450848618441622
0.6720000000000005,0.04593362630525034,0.6720000000000005,0.1377965395566669,0.6720000000000005,0.2296535678765941,0.6720000000000005,0.3444660847217407,0.6720000000000005,0.4592672565181375,0.6720000000000005,0.6887975893743915,0.6720000000000005,0.8034329938322684,0.6720000000000005,0.9177147330647236,0.6720000000000005,1.141144527447591,0.6720000000000005,1.243294146679231,0.6720000000000005,1.325425337863912,0.6720000000000005,1.412558856467427,0.6720000000000005,1.434654933887962,0.6720000000000005,1.450859395504992
0.6826666666666672,0.04593362645903355,0.6826666666666672,0.137796540093348,0.6826666666666672,0.2296535688555943,0.6826666666666672,0.3444660865597737,0.6826666666666672,0.4592672604615353,0.6826666666666672,0.6887976250457059,0.6826666666666672,0.8034331172337174,0.6826666666666672,0.9177151486006579,0.6826666666666672,1.141148012472614,0.6826666666666672,1.24330153726998,0.6826666666666672,1.325435788839788,0.6826666666666672,1.412567365900445,0.6826666666666672,1.434662525717757,0.6826666666666672,1.450866436818079
0.6933333333333339,0.04593362657841422,0.6933333333333339,0.1377965405099658,0.6933333333333339,0.2296535696155609,0.6933333333333339,0.3444660879864918,0.6933333333333339,0.45926726352215,0.6933333333333339,0.6887976527264607,0.6933333333333339,0.8034332129812142,0.6933333333333339,0.9177154709084354,0.6933333333333339,1.141150705930252,0.6933333333333339,1.243307216188507,0.6933333333333339,1.325443747175397,0.6933333333333339,1.41257373137268,0.6933333333333339,1.434668169012486,0.6933333333333339,1.450871643825625
0.7040000000000006,0.04593362667417489,0.7040000000000006,0.1377965408441514,0.7040000000000006,0.2296535702251492,0.7040000000000006,0.3444660891308396,0.7040000000000006,0.45926726597682,0.7040000000000006,0.6887976749238204,0.7040000000000006,0.8034332897553941,0.7040000000000006,0.9177157292890564,0.7040000000000006,1.141152859891118,0.7040000000000006,1.243311739847796,0.7040000000000006,1.325450046662139,0.7040000000000006,1.41257870846629,0.7040000000000006,1.434672561706167,0.7040000000000006,1.450875681710682
0.7146666666666673,0.04593362675279657,0.7146666666666673,0.1377965411185237,0.7146666666666673,0.2296535707256248,0.7146666666666673,0.3444660900703173,0.7146666666666673,0.4592672679918948,0.7146666666666673,0.6887976931439722,0.7146666666666673,0.8034333527697717,0.7146666666666673,0.917715941326549,0.7146666666666673,1.141154624369343,0.7146666666666673,1.243315434994494,0.7146666666666673,1.32545516909139,0.7146666666666673,1.412582720631723,0.7146666666666673,1.43467609177049,0.7146666666666673,1.450878918252424
0.7253333333333341,0.0459336268184906,0.7253333333333341,0.1377965413477802,0.7253333333333341,0.2296535711438007,0.7253333333333341,0.3444660908552802,0.7253333333333341,0.4592672696754594,0.7253333333333341,0.688797708365222,0.7253333333333341,0.8034334054099431,0.7253333333333341,0.9177161184332153,0.7253333333333341,1.141156096142836,0.7253333333333341,1.243318510420769,0.7253333333333341,1.325459417688702,0.7253333333333341,1.412586026736363,0.7253333333333341,1.434678993914834,0.7253333333333341,1.450881574018325
0.7360000000000008,0.04593362687415267,0.7360000000000008,0.1377965415420269,0.7360000000000008,0.2296535714981167,0.7360000000000008,0.3444660915203455,0.7360000000000008,0.4592672711018027,0.7360000000000008,0.6887977212599686,0.7360000000000008,0.8034334500026017,0.7360000000000008,0.917716268448761,0.7360000000000008,1.141157341402899,0.7360000000000008,1.243321107943941,0.7360000000000008,1.325462996157449,0.7360000000000008,1.412588797061509,0.7360000000000008,1.434681421366508,0.7360000000000008,1.450883792101114
0.7466666666666675,0.04593362692185918,0.7466666666666675,0.13779654170851,0.7466666666666675,0.2296535718017846,0.7466666666666675,0.3444660920903336,0.7466666666666675,0.4592672723241883,0.7466666666666675,0.6887977323101407,0.7466666666666675,0.8034334882151393,0.7466666666666675,0.9177163969897236,0.7466666666666675,1.141158407416542,0.7466666666666675,1.243323328313042,0.7466666666666675,1.325466048031397,0.7466666666666675,1.41259114974119,0.7466666666666675,1.434683479840672,0.7466666666666675,1.450885670771293
0.7573333333333342,0.04593362696314676,0.7573333333333342,0.1377965418525924,0.7573333333333342,0.2296535720645918,0.7573333333333342,0.3444660925836148,0.7573333333333342,0.4592672733820397,0.7573333333333342,0.6887977418723661,0.7573333333333342,0.8034335212812929,0.7573333333333342,0.9177165082108459,0.7573333333333342,1.141159329060957,0.7573333333333342,1.243325245573859,0.7573333333333342,1.325468678141727,0.7573333333333342,1.412593170043041,0.7573333333333342,1.434685245322955,0.7573333333333342,1.450887280419945
0.7680000000000009,0.04593362699918163,0.7680000000000009,0.1377965419783438,0.7680000000000009,0.2296535722939622,0.7680000000000009,0.3444660930141286,0.7680000000000009,0.4592672743052511,0.7680000000000009,0.6887977502171975,0.7680000000000009,0.8034335501370027,0.7680000000000009,0.9177166052634775,0.7680000000000009,1.141160132738347,0.7680000000000009,1.243326915603927,0.7680000000000009,1.325470965208263,0.7680000000000009,1.412594921408061,0.7680000000000009,1.434686774165265,0.7680000000000009,1.450888673110682
0.7786666666666676,0.04593362703086683,0.7786666666666676,0.137796542088916,0.7786666666666676,0.2296535724956439,0.7786666666666676,0.344466093392667,0.7786666666666676,0.4592672751169843,0.7786666666666676,0.688797757554067,0.7786666666666676,0.8034335755067418,0.7786666666666676,0.9177166905866039,0.7786666666666676,1.141160838849595,0.7786666666666676,1.243328381470166,0.7786666666666676,1.325472969662101,0.7786666666666676,1.412596452179046,0.7786666666666676,1.434688109197565,0.7786666666666676,1.450889888330233
0.7893333333333343,0.04593362705891321,0.7893333333333343,0.1377965421867894,0.7893333333333343,0.2296535726741625,0.7893333333333343,0.3444660937277251,0.7893333333333343,0.4592672758354624,0.7893333333333343,0.6887977640478045,0.7893333333333343,0.8034335979606485,0.7893333333333343,0.9177167660992981,0.7893333333333343,1.141161463425899,0.7893333333333343,1.243329676944009,0.7893333333333343,1.325474738735385,0.7893333333333343,1.412597799911211,0.7893333333333343,1.434689283622296,0.7893333333333343,1.450890956636436
0.800000000000001,0.04593362708388793,0.800000000000001,0.1377965422739437,0.800000000000001,0.229653572833129,0.800000000000001,0.3444660940260855,0.800000000000001,0.4592672764752285,0.800000000000001,0.688797769829941,0.800000000000001,0.8034336179536211,0.800000000000001,0.9177168333327393,0.800000000000001,1.14116201924363,0.800000000000001,1.243330828892571,0.800000000000001,1.32547630990003,0.800000000000001,1.41259899424783,0.800000000000001,1.4346903236009,0.800000000000001,1.450891902072337
0.8106666666666678,0.04593362710624917,0.8106666666666678,0.1377965423519775,0.8106666666666678,0.2296535729754597,0.8106666666666678,0.3444660942932172,0.8106666666666678,0.4592672770480263,0.8106666666666678,0.6887977750066728,0.8106666666666678,0.8034336358530221,0.8106666666666678,0.9177168935232083,0.8106666666666678,1.141162516608512,0.8106666666666678,1.243331858954406,0.8106666666666678,1.32547771326387,0.8106666666666678,1.412600058903222,0.8106666666666678,1.434691250030984,0.8106666666666678,1.450892743819945
0.8213333333333345,0.04593362712637086,0.8213333333333345,0.1377965424221958,0.8213333333333345,0.2296535731035344,0.8213333333333345,0.3444660945335905,0.8213333333333345,0.4592672775634465,0.8213333333333345,0.6887977796646663,0.8213333333333345,0.80343365195854,0.8213333333333345,0.9177169476792173,0.8213333333333345,1.141162963920634,0.8213333333333345,1.243332784743447,0.8213333333333345,1.325478973284101,0.8213333333333345,1.412601013068357,0.8213333333333345,1.434692079802202,0.8213333333333345,1.450893497366033
0.8320000000000012,0.04593362714456079,0.8320000000000012,0.137796542485673,0.8320000000000012,0.2296535732193133,0.8320000000000012,0.344466094750885,0.8320000000000012,0.4592672780293656,0.8320000000000012,0.6887977838752493,0.8320000000000012,0.8034336665169101,0.8320000000000012,0.9177169966310574,0.8320000000000012,1.141163368090209,0.8320000000000012,1.243333620732382,0.8320000000000012,1.325480110019444,0.8320000000000012,1.412601872430476,0.8320000000000012,1.434692826704949,0.8320000000000012,1.45089417534384
0.8426666666666679,0.0459336271610745,0.8426666666666679,0.1377965425433006,0.8426666666666679,0.2296535733244229,0.8426666666666679,0.3444660949481529,0.8426666666666679,0.4592672784523392,0.8426666666666679,0.6887977876976431,0.8426666666666679,0.8034336797329378,0.8426666666666679,0.9177170410678086,0.8426666666666679,1.141163734848718,0.8426666666666679,1.243334378912478,0.8426666666666679,1.325481140062095,0.8426666666666679,1.412602649927233,0.8426666666666679,1.434693502100989,0.8426666666666679,1.450894788153223
0.8533333333333346,0.04593362717612574,0.8533333333333346,0.1377965425958243,0.8533333333333346,0.2296535734202232,0.8533333333333346,0.3444660951279486,0.8533333333333346,0.4592672788378451,0.8533333333333346,0.6887977911813693,0.8533333333333346,0.8034336917778583,0.8533333333333346,0.9177170815656601,0.8533333333333346,1.141164068985425,0.8533333333333346,1.243335069294022,0.8533333333333346,1.325482077242542,0.8533333333333346,1.412603356313941,0.8533333333333346,1.434694115426969,0.8533333333333346,1.450895344425508
0.8640000000000013,0.04593362718989442,0.8640000000000013,0.1377965426438726,0.8640000000000013,0.2296535735078596,0.8640000000000013,0.3444660952924217,0.8640000000000013,0.459267279190493,0.8640000000000013,0.6887977943681104,0.8640000000000013,0.80343370279584,0.8640000000000013,0.917717118609608,0.8640000000000013,1.14116437452936,0.8640000000000013,1.243335700290933,0.8640000000000013,1.325482933169969,0.8640000000000013,1.412604000596405,0.8640000000000013,1.434694674577971,0.8640000000000013,1.450895851377162
0.874666666666668,0.045933627202533,0.874666666666668,0.1377965426879769,0.874666666666668,0.2296535735883028,0.874666666666668,0.344466095443393,0.874666666666668,0.4592672795141889,0.874666666666668,0.6887977972931676,0.874666666666668,0.8034337129089787,0.874666666666668,0.9177171526103919,0.874666666666668,1.141164654891222,0.874666666666668,1.243336279020061,0.874666666666668,1.32548371765148,0.874666666666668,1.412604590365372,0.874666666666668,1.43469518620348,0.874666666666668,1.450896315082374
0.8853333333333347,0.04593362721417112,0.8853333333333347,0.1377965427285907,0.8853333333333347,0.2296535736623786,0.8853333333333347,0.3444660955824144,0.8853333333333347,0.4592672798122582,0.8853333333333347,0.6887977999866247,0.8853333333333347,0.8034337222212761,0.8853333333333347,0.9177171839179373,0.8853333333333347,1.141164912974911,0.8853333333333347,1.243336811536109,0.8853333333333347,1.32548443902093,0.8853333333333347,1.412605132057858,0.8853333333333347,1.434695655938336,0.8853333333333347,1.450896740685544
0.8960000000000015,0.04593362722492022,0.8960000000000015,0.1377965427661015,0.8960000000000015,0.2296535737307949,0.8960000000000015,0.3444660957108135,0.8960000000000015,0.4592672800875531,0.8960000000000015,0.6887978024742371,0.8960000000000015,0.8034337308218095,0.8960000000000015,0.9177172128318847,0.8960000000000015,1.141165151266095,0.8960000000000015,1.24333730301818,0.8960000000000015,1.325485104399178,0.8960000000000015,1.412605631163308,0.8960000000000015,1.43469608858477,0.8960000000000015,1.450897132568604
0.9066666666666682,0.04593362723487594,0.9066666666666682,0.1377965428008436,0.9066666666666682,0.2296535737941617,0.9066666666666682,0.3444660958297352,0.9066666666666682,0.4592672803425245,0.9066666666666682,0.6887978047781655,0.9066666666666682,0.8034337387872484,0.9066666666666682,0.9177172396100972,0.9066666666666682,1.141165371903143,0.9066666666666682,1.24333775791884,0.9066666666666682,1.325485719901961,0.9066666666666682,1.412606092387757,0.9066666666666682,1.434696488257149,0.9066666666666682,1.450897494483971
0.9173333333333349,0.04593362724412101,0.9173333333333349,0.1377965428331057,0.9173333333333349,0.2296535738530053,0.9173333333333349,0.3444660959401679,0.9173333333333349,0.459267280579293,0.9173333333333349,0.6887978069175968,0.9173333333333349,0.8034337461838855,0.9173333333333349,0.9177172644755945,0.9173333333333349,1.141165576734411,0.9173333333333349,1.243338180084253,0.9173333333333349,1.325486290807047,0.9173333333333349,1.41260651978553,0.9173333333333349,1.43469685849802,0.9173333333333349,1.450897829661054
0.9280000000000016,0.04593362725272738,0.9280000000000016,0.137796542863139,0.9280000000000016,0.2296535739077835,0.9280000000000016,0.3444660960429703,0.9280000000000016,0.4592672807997016,0.9280000000000016,0.6887978089091754,0.9280000000000016,0.803433753069302,0.9280000000000016,0.9177172876220355,0.9280000000000016,1.141165767364589,0.9280000000000016,1.243338572851667,0.9280000000000016,1.32548682168977,0.9280000000000016,1.412606916865674,0.9280000000000016,1.434697202371843,0.9280000000000016,1.450898140892205
0.9386666666666683,0.04593362726075783,0.9386666666666683,0.1377965428911624,0.9386666666666683,0.2296535739588956,0.9386666666666683,0.3444660961388919,0.9386666666666683,0.4592672810053625,0.9386666666666683,0.6887978107674161,0.9386666666666683,0.803433759493717,0.9386666666666683,0.9177173092183328,0.9386666666666683,1.141165945192715,0.9386666666666683,1.24333893912905,0.9386666666666683,1.325487316533475,0.9386666666666683,1.412607286678604,0.9386666666666683,1.434697522541181,0.9386666666666683,1.450898430602573
0.949333333333335,0.0459336272682672,0.949333333333335,0.1377965429173675,0.949333333333335,0.2296535740066912,0.949333333333335,0.3444660962285894,0.949333333333335,0.4592672811976717,0.949333333333335,0.6887978125050508,0.949333333333335,0.8034337655011071,0.949333333333335,0.9177173294124006,0.949333333333335,1.141166111443404,0.949333333333335,1.243339281460476,0.949333333333335,1.325487778820241,0.949333333333335,1.412607631887017,0.949333333333335,1.434697821329059,0.949333333333335,1.450898700907209
0.9600000000000017,0.04593362727530367,0.9600000000000017,0.1377965429419223,0.9600000000000017,0.2296535740514773,0.9600000000000017,0.3444660963126391,0.9600000000000017,0.4592672813778703,0.9600000000000017,0.6887978141332438,0.9600000000000017,0.8034337711301123,0.9600000000000017,0.91771734833423,0.9600000000000017,1.141166267192697,0.9600000000000017,1.243339602080114,0.9600000000000017,1.325488211605655,0.9600000000000017,1.412607954824295,0.9600000000000017,1.43469810077025,0.9600000000000017,1.450898953658042
0.9706666666666685,0.04593362728191004,0.9706666666666685,0.1377965429649762,0.9706666666666685,0.2296535740935252,0.9706666666666685,0.3444660963915495,0.9706666666666685,0.4592672815470498,0.9706666666666685,0.6887978156618714,0.9706666666666685,0.8034337764148505,0.9706666666666685,0.9177173660984987,0.9706666666666685,1.141166413389367,0.9706666666666685,1.243339902957149,0.9706666666666685,1.325488617580886,0.9706666666666685,1.41260825754286,0.9706666666666685,1.434698362653749,0.9706666666666685,1.450899190482726
0.9813333333333352,0.04593362728812388,0.9813333333333352,0.1377965429866604,0.9813333333333352,0.2296535741330751,0.9813333333333352,0.3444660964657734,0.9813333333333352,0.4592672817061771,0.9813333333333352,0.6887978170996443,0.9813333333333352,0.8034337813854746,0.9813333333333352,0.9177173828066747,0.9813333333333352,1.141166550872984,0.9813333333333352,1.243340185833144,0.9813333333333352,1.325488999124404,0.9813333333333352,1.4126085418544,0.9813333333333352,1.434698608558066,0.9813333333333352,1.450899412816935
0.9920000000000019,0.04593362729397867,0.9920000000000019,0.1377965430070915,0.9920000000000019,0.2296535741703397,0.9920000000000019,0.3444660965357068,0.9920000000000019,0.4592672818561084,0.9920000000000019,0.688797818454326,0.9920000000000019,0.8034337860688066,0.9920000000000019,0.9177173985488885,0.9920000000000019,1.141166680388807,0.9920000000000019,1.24334045225345,0.9920000000000019,1.325489358345294,0.9920000000000019,1.412608809363534,0.9920000000000019,1.434698839880726,0.9920000000000019,1.450899621931326
1.002666666666669,0.04593362729950425,1.002666666666669,0.1377965430263738,1.002666666666669,0.2296535742055084,1.002666666666669,0.3444660966017066,1.002666666666669,0.4592672819976076,1.002666666666669,0.6887978197328071,1.002666666666669,0.8034337904886931,1.002666666666669,0.9177174134054138,1.002666666666669,1.141166802600475,1.002666666666669,1.243340703593613,1.002666666666669,1.325489697119702,1.002666666666669,1.412609061496046,1.002666666666669,1.434699057863035,1.002666666666669,1.450899818954175
1.013333333333335,0.04593362730472727,1.013333333333335,0.1377965430446004,1.013333333333335,0.2296535742387516,1.013333333333335,0.3444660966640931,1.013333333333335,0.459267282131358,1.013333333333335,0.6887978209412617,1.013333333333335,0.8034337946664735,1.013333333333335,0.9177174274479537,1.013333333333335,1.141166918100762,1.013333333333335,1.243340941081717,1.013333333333335,1.325490017121629,1.013333333333335,1.412609299522726,1.013333333333335,1.434699263610956,1.013333333333335,1.45090000489045
1.024000000000002,0.04593362730967163,1.024000000000002,0.1377965430618543,1.024000000000002,0.229653574270221,1.024000000000002,0.3444660967231502,1.024000000000002,0.4592672822579705,1.024000000000002,0.6887978220852239,1.024000000000002,0.803433798621248,1.024000000000002,0.9177174407407757,1.024000000000002,1.141167027420563,1.024000000000002,1.243341165817342,1.024000000000002,1.32549031984903,1.024000000000002,1.412609524579557,1.024000000000002,1.434699458112795,1.024000000000002,1.450900180637949
1.034666666666668,0.04593362731435861,1.034666666666668,0.1377965430782101,1.034666666666668,0.2296535743000526,1.034666666666668,0.3444660967791335,1.034666666666668,0.4592672823779932,1.034666666666668,0.6887978231696409,1.034666666666668,0.8034338023701831,1.034666666666668,0.917717453341575,1.034666666666668,1.141167131036728,1.034666666666668,1.243341378787682,1.034666666666668,1.325490606646035,1.034666666666668,1.412609737684866,1.034666666666668,1.434699642254197,1.034666666666668,1.450900347000998
1.045333333333335,0.04593362731880771,1.045333333333335,0.137796543093736,1.045333333333335,0.22965357432837,1.045333333333335,0.3444660968322752,1.045333333333335,0.4592672824919231,1.045333333333335,0.688797824198994,1.045333333333335,0.8034338059287395,1.045333333333335,0.917717465302346,1.045333333333335,1.141167229378662,1.045333333333335,1.243341580881404,1.045333333333335,1.325490878721985,1.045333333333335,1.412609939753977,1.045333333333335,1.434699816830981,1.045333333333335,1.450900504702166
1.056000000000002,0.04593362732303634,1.056000000000002,0.1377965431084923,1.056000000000002,0.2296535743552839,1.056000000000002,0.3444660968827831,1.056000000000002,0.4592672826002042,1.056000000000002,0.6887978251773287,1.056000000000002,0.8034338093108776,1.056000000000002,0.917717476670035,1.056000000000002,1.141167322833966,1.056000000000002,1.243341772900498,1.056000000000002,1.325491137167661,1.056000000000002,1.412610131611766,1.056000000000002,1.434699982560102,1.056000000000002,1.450900654392249
1.066666666666668,0.04593362732706019,1.066666666666668,0.1377965431225342,1.066666666666668,0.2296535743808951,1.066666666666668,0.3444660969308459,1.066666666666668,0.4592672827032435,1.066666666666668,0.6887978261082789,1.066666666666668,0.8034338125292325,1.066666666666668,0.9177174874871152,1.066666666666668,1.14116741175344,1.066666666666668,1.243341955570438,1.066666666666668,1.325491382969352,1.066666666666668,1.412610314003419,1.066666666666668,1.434700140089069,1.066666666666668,1.450900796658869
1.077333333333335,0.04593362733089366,1.077333333333335,0.1377965431359117,1.077333333333335,0.2296535744052939,1.077333333333335,0.3444660969766333,1.077333333333335,0.4592672828014071,1.077333333333335,0.6887978269951724,1.077333333333335,0.8034338155952659,1.077333333333335,0.9177174977921456,1.077333333333335,1.14116749645523,1.077333333333335,1.243342129549072,1.077333333333335,1.325491617020927,1.077333333333335,1.412610487603753,1.077333333333335,1.434700290004066,1.077333333333335,1.450900932033887
1.088000000000001,0.04593362733454984,1.088000000000001,0.1377965431486703,1.088000000000001,0.229653574428564,1.088000000000001,0.3444660970203032,1.088000000000001,0.4592672828950287,1.088000000000001,0.6887978278410306,1.088000000000001,0.8034338185194008,1.088000000000001,0.9177175076201676,1.088000000000001,1.141167577228556,1.088000000000001,1.243342295434174,1.088000000000001,1.325491840134337,1.088000000000001,1.412610653025223,1.088000000000001,1.434700432836992,1.088000000000001,1.450901060999786
1.098666666666668,0.0459336273380405,1.098666666666668,0.1377965431608512,1.098666666666668,0.229653574450781,1.098666666666668,0.3444660970619962,1.098666666666668,0.4592672829844122,1.098666666666668,0.6887978286485833,1.098666666666668,0.8034338213111241,1.098666666666668,0.917717517003096,1.098666666666668,1.141167654336862,1.098666666666668,1.243342453770147,1.098666666666668,1.325492053048676,1.098666666666668,1.412610810824937,1.098666666666668,1.434700569071527,1.098666666666668,1.450901183995232
1.109333333333335,0.0459336273413764,1.109333333333335,0.1377965431724925,1.109333333333335,0.2296535744720133,1.109333333333335,0.3444660971018412,1.109333333333335,0.459267283069833,1.109333333333335,0.6887978294203466,1.109333333333335,0.8034338239791242,1.109333333333335,0.9177175259700852,1.109333333333335,1.141167728020669,1.109333333333335,1.243342605053828,1.109333333333335,1.325492256438155,1.109333333333335,1.412610961510694,1.109333333333335,1.434700699148445,1.109333333333335,1.4509013014199
1.120000000000001,0.04593362734456763,1.120000000000001,0.1377965431836287,1.120000000000001,0.2296535744923243,1.120000000000001,0.344466097139957,1.120000000000001,0.4592672831515481,1.120000000000001,0.6887978301586153,1.120000000000001,0.8034338265313238,1.120000000000001,0.9177175345478046,1.120000000000001,1.141167798499873,1.120000000000001,1.24334274973945,1.120000000000001,1.325492450918984,1.120000000000001,1.412611105546297,1.120000000000001,1.434700823470238,1.120000000000001,1.450901413638669
1.130666666666668,0.04593362734762316,1.130666666666668,0.1377965431942914,1.130666666666668,0.2296535745117719,1.130666666666668,0.3444660971764528,1.130666666666668,0.4592672832297888,1.130666666666668,0.6887978308654882,1.130666666666668,0.8034338289749894,1.130666666666668,0.9177175427606892,1.130666666666668,1.141167865976055,1.130666666666668,1.243342888243188,1.130666666666668,1.325492637055469,1.130666666666668,1.412611243356187,1.130666666666668,1.434700942405144,1.130666666666668,1.45090152098532
1.141333333333334,0.04593362735055131,1.141333333333334,0.1377965432045097,1.141333333333334,0.229653574530409,1.141333333333334,0.3444660972114276,1.141333333333334,0.4592672833047683,1.141333333333334,0.6887978315429061,1.141333333333334,0.803433831316786,1.141333333333334,0.9177175506311801,1.141333333333334,1.141167930634231,1.141333333333334,1.243343020946938,1.141333333333334,1.32549281536532,1.141333333333334,1.412611375329492,1.141333333333334,1.434701056290708,1.141333333333334,1.450901623765745
1.152000000000001,0.04593362735335985,1.152000000000001,0.1377965432143104,1.152000000000001,0.2296535745482841,1.152000000000001,0.3444660972449725,1.152000000000001,0.4592672833766838,1.152000000000001,0.6887978321926301,1.152000000000001,0.8034338335628708,1.152000000000001,0.9177175581799124,1.152000000000001,1.141167992644538,1.152000000000001,1.243343148201877,1.152000000000001,1.325492986324336,1.152000000000001,1.412611501823638,1.152000000000001,1.434701165436886,1.152000000000001,1.4509017222608
1.162666666666668,0.04593362735605584,1.162666666666668,0.1377965432237183,1.162666666666668,0.2296535745654431,1.162666666666668,0.344466097277173,1.162666666666668,0.4592672834457158,1.162666666666668,0.6887978328163024,1.162666666666668,0.8034338357188874,1.162666666666668,0.917717565425899,1.162666666666668,1.141168052163695,1.162666666666668,1.243343270331367,1.162666666666668,1.325493150370556,1.162666666666668,1.412611623167469,1.162666666666668,1.434701270128813,1.162666666666668,1.450901816728795
1.173333333333334,0.04593362735864573,1.173333333333334,0.1377965432327559,1.173333333333334,0.2296535745819268,1.173333333333334,0.3444660973081067,1.173333333333334,0.4592672835120318,1.173333333333334,0.6887978334154301,1.173333333333334,0.8034338377900484,1.173333333333334,0.9177175723866807,1.173333333333334,1.141168109336329,1.173333333333334,1.243343387633707,1.173333333333334,1.325493307907925,1.173333333333334,1.412611739664057,1.173333333333334,1.434701370629209,1.173333333333334,1.450901907407704
1.184000000000001,0.0459336273611355,1.184000000000001,0.1377965432414445,1.184000000000001,0.2296535745977736,1.184000000000001,0.3444660973378449,1.184000000000001,0.4592672835757851,1.184000000000001,0.6887978339914109,1.184000000000001,0.8034338397811924,1.184000000000001,0.917717579078466,1.184000000000001,1.141168164296056,1.184000000000001,1.243343500384513,1.184000000000001,1.325493459309509,1.184000000000001,1.412611851593151,1.184000000000001,1.43470146718054,1.184000000000001,1.45090199451712
1.194666666666667,0.04593362736353088,1.194666666666667,0.1377965432498035,1.194666666666667,0.2296535746130192,1.194666666666667,0.344466097366455,1.194666666666667,0.4592672836371198,1.194666666666667,0.6887978345455462,1.194666666666667,0.8034338416967668,1.194666666666667,0.9177175855162677,1.194666666666667,1.14116821716654,1.194666666666667,1.243343608838787,1.194666666666667,1.325493604920412,1.194666666666667,1.412611959213392,1.194666666666667,1.434701560006935,1.194666666666667,1.450902078259997
1.205333333333334,0.04593362736583695,1.205333333333334,0.1377965432578509,1.205333333333334,0.2296535746276968,1.205333333333334,0.344466097393999,1.205333333333334,0.4592672836961678,1.205333333333334,0.6887978350790115,1.205333333333334,0.8034338435409301,1.205333333333334,0.917717591714011,1.205333333333334,1.141168268062406,1.205333333333334,1.243343713232836,1.205333333333334,1.325493745060313,1.205333333333334,1.412612062764254,1.205333333333334,1.434701649315873,1.205333333333334,1.450902158824183
1.216000000000001,0.04593362736805853,1.216000000000001,0.1377965432656032,1.216000000000001,0.2296535746418365,1.216000000000001,0.3444660974205337,1.216000000000001,0.4592672837530523,1.216000000000001,0.6887978355929262,1.216000000000001,0.8034338453175002,1.216000000000001,0.9177175976845835,1.216000000000001,1.141168317090044,1.216000000000001,1.243343813785941,1.216000000000001,1.325493880025804,1.216000000000001,1.412612162467768,1.216000000000001,1.434701735299693,1.216000000000001,1.450902236383806
1.226666666666667,0.04593362737020009,1.226666666666667,0.1377965432730765,1.226666666666667,0.2296535746554662,1.226666666666667,0.3444660974461116,1.226666666666667,0.4592672838078873,1.226666666666667,0.6887978360883278,1.226666666666667,0.8034338470300684,1.226666666666667,0.9177176034400156,1.226666666666667,1.14116836434831,1.226666666666667,1.243343910701886,1.226666666666667,1.325494010092369,1.226666666666667,1.412612258530109,1.226666666666667,1.434701818136964,1.226666666666667,1.450902311100494
1.237333333333334,0.04593362737226579,1.237333333333334,0.137796543280285,1.237333333333334,0.2296535746686136,1.237333333333334,0.3444660974707837,1.237333333333334,0.4592672838607799,1.237333333333334,0.6887978365661737,1.237333333333334,0.8034338486819401,1.237333333333334,0.917717608991456,1.237333333333334,1.141168409929234,1.237333333333334,1.243344004170211,1.237333333333334,1.325494135516307,1.237333333333334,1.412612351142963,1.237333333333334,1.434701897993686,1.237333333333334,1.450902383124483
1.248,0.04593362737425945,1.248,0.1377965432872421,1.248,0.2296535746813026,1.248,0.3444660974945961,1.248,0.4592672839118279,1.248,0.6887978370273605,1.248,0.8034338502762305,1.248,0.9177176143493336,1.248,1.141168453918539,1.248,1.243344094367584,1.248,1.325494256536301,1.248,1.412612440484779,1.248,1.434701975024369,1.248,1.450902452595595
1.258666666666667,0.04593362737618469,1.258666666666667,0.1377965432939606,1.258666666666667,0.2296535746935564,1.258666666666667,0.3444660975175913,1.258666666666667,0.4592672839611246,1.258666666666667,0.6887978374727322,1.258666666666667,0.8034338518158081,1.258666666666667,0.91771761952334,1.258666666666667,1.141168496396198,1.258666666666667,1.243344181458744,1.258666666666667,1.325494373374924,1.258666666666667,1.412612526721897,1.258666666666667,1.434702049373015,1.258666666666667,1.450902519644126
1.269333333333334,0.045933627378045,1.269333333333334,0.1377965433004523,1.269333333333334,0.2296535747053963,1.269333333333334,0.3444660975398099,1.269333333333334,0.459267284008757,1.269333333333334,0.6887978379030543,1.269333333333334,0.8034338533033847,1.269333333333334,0.9177176245225628,1.269333333333334,1.141168537436927,1.269333333333334,1.243344265597534,1.269333333333334,1.325494486240002,1.269333333333334,1.412612610009555,1.269333333333334,1.434702121173998,1.269333333333334,1.45090258439165
1.28,0.04593362737984343,1.28,0.1377965433067281,1.28,0.2296535747168426,1.28,0.34446609756129,1.28,0.4592672840548055,1.28,0.6887978383190639,1.28,0.8034338547414909,1.28,0.9177176293554921,1.28,1.141168577110579,1.28,1.243344346927824,1.28,1.3254945953258,1.28,1.4126126904928,1.28,1.434702190552852,1.28,1.450902646951726
1.290666666666667,0.04593362738158289,1.290666666666667,0.1377965433127982,1.290666666666667,0.229653574727914,1.290666666666667,0.3444660975820664,1.290666666666667,0.4592672840993448,1.290666666666667,0.6887978387214432,1.290666666666667,0.8034338561324731,1.290666666666667,0.9177176340300569,1.290666666666667,1.141168615482558,1.290666666666667,1.24334442558424,1.290666666666667,1.325494700814089,1.290666666666667,1.412612768307308,1.290666666666667,1.434702257626987,1.290666666666667,1.45090270743055
1.301333333333333,0.04593362738326624,1.301333333333333,0.1377965433186725,1.301333333333333,0.2296535747386276,1.301333333333333,0.3444660976021717,1.301333333333333,0.4592672841424465,1.301333333333333,0.6887978391108357,1.301333333333333,0.8034338574785651,1.301333333333333,0.9177176385537111,1.301333333333333,1.141168652614152,1.301333333333333,1.243344501692934,1.301333333333333,1.325494802875163,1.301333333333333,1.41261284358013,1.301333333333333,1.434702322506335,1.301333333333333,1.450902765927553
1.312,0.04593362738489606,1.312,0.13779654332436,1.312,0.2296535747490009,1.312,0.3444660976216379,1.312,0.4592672841841779,1.312,0.6887978394878411,1.312,0.8034338587818248,1.312,0.9177176429334373,1.312,1.141168688562826,1.312,1.243344575372263,1.312,1.32549490166872,1.312,1.41261291643037,1.312,1.434702385293938,1.312,1.450902822535915
1.322666666666667,0.04593362738647475,1.322666666666667,0.1377965433298691,1.322666666666667,0.2296535747590489,1.322666666666667,0.3444660976404937,1.322666666666667,0.4592672842246007,1.322666666666667,0.688797839853023,1.322666666666667,0.8034338600442138,1.322666666666667,0.9177176471757977,1.322666666666667,1.141168723382583,1.322666666666667,1.24334464673331,1.322666666666667,1.325494997344665,1.322666666666667,1.412612986969792,1.322666666666667,1.434702446086474,1.322666666666667,1.450902877343061
1.333333333333333,0.04593362738800464,1.333333333333333,0.1377965433352077,1.333333333333333,0.229653574768786,1.333333333333333,0.3444660976587664,1.333333333333333,0.4592672842637727,1.333333333333333,0.6887978402069143,1.333333333333333,0.8034338612675742,1.333333333333333,0.9177176512869567,1.333333333333333,1.141168757124182,1.333333333333333,1.243344715880511,1.333333333333333,1.325495090043869,1.333333333333333,1.412613055303381,1.333333333333333,1.434702504974751,1.333333333333333,1.450902930431092
1.344,0.04593362738948794,1.344,0.1377965433403839,1.344,0.2296535747782262,1.344,0.3444660976764818,1.344,0.4592672843017508,1.344,0.688797840550012,1.344,0.8034338624536153,1.344,0.9177176552727202,1.344,1.141168789835352,1.344,1.243344782912095,1.344,1.325495179898826,1.344,1.412613121529845,1.344,1.434702562044134,1.344,1.450902981877187
1.354666666666666,0.0459336273909266,1.354666666666666,0.1377965433454042,1.354666666666666,0.2296535747873829,1.354666666666666,0.3444660976936648,1.354666666666666,0.4592672843385866,1.354666666666666,0.6887978408827966,1.354666666666666,0.8034338636039725,1.354666666666666,0.9177176591385513,1.354666666666666,1.141168821561052,1.354666666666666,1.243344847920568,1.354666666666666,1.325495267034259,1.354666666666666,1.412613185742088,1.354666666666666,1.43470261737496,1.354666666666666,1.45090303175397
1.365333333333333,0.04593362739232246,1.365333333333333,0.1377965433502753,1.365333333333333,0.2296535747962674,1.365333333333333,0.3444660977103376,1.365333333333333,0.4592672843743278,1.365333333333333,0.6887978412056923,1.365333333333333,0.8034338647201879,1.365333333333333,0.9177176628895981,1.365333333333333,1.141168852343663,1.365333333333333,1.243344910993097,1.365333333333333,1.325495351567711,1.365333333333333,1.412613248027615,1.365333333333333,1.43470267104289,1.365333333333333,1.450903080129832
1.376,0.0459336273936775,1.376,0.1377965433550039,1.376,0.2296535748048914,1.376,0.3444660977265212,1.376,0.4592672844090226,1.376,0.6887978415191279,1.376,0.8034338658036868,1.376,0.9177176665307224,1.376,1.141168882223179,1.376,1.243344972211927,1.376,1.325495433610023,1.376,1.412613308468925,1.376,1.434702723119251,1.376,1.450903127069244
1.386666666666666,0.04593362739499336,1.386666666666666,0.1377965433595958,1.386666666666666,0.2296535748132664,1.386666666666666,0.3444660977422376,1.386666666666666,0.4592672844427143,1.386666666666666,0.6887978418234977,1.386666666666666,0.8034338668558454,1.386666666666666,0.9177176700665127,1.386666666666666,1.141168911237346,1.386666666666666,1.243345031654678,1.386666666666666,1.325495513265818,1.386666666666666,1.412613367143875,1.386666666666666,1.434702773671347,1.386666666666666,1.45090317263303
1.397333333333333,0.04593362739627161,1.397333333333333,0.1377965433640564,1.397333333333333,0.2296535748214021,1.397333333333333,0.3444660977575049,1.397333333333333,0.4592672844754437,1.397333333333333,0.6887978421191742,1.397333333333333,0.8034338678779634,1.397333333333333,0.9177176735013097,1.397333333333333,1.141168939421826,1.397333333333333,1.243345089394694,1.397333333333333,1.325495590633957,1.397333333333333,1.412613424125986,1.397333333333333,1.43470282276273,1.397333333333333,1.450903216878624
1.407999999999999,0.04593362739751382,1.407999999999999,0.1377965433683912,1.407999999999999,0.2296535748293082,1.407999999999999,0.3444660977723413,1.407999999999999,0.4592672845072493,1.407999999999999,0.6887978424065111,1.407999999999999,0.8034338688712396,1.407999999999999,0.9177176768392108,1.407999999999999,1.141168966810362,1.407999999999999,1.243345145501344,1.407999999999999,1.325495665807864,1.407999999999999,1.412613479484755,1.407999999999999,1.434702870453465,1.407999999999999,1.4509032598603
1.418666666666666,0.04593362739872146,1.418666666666666,0.1377965433726054,1.418666666666666,0.2296535748369941,1.418666666666666,0.3444660977867646,1.418666666666666,0.4592672845381697,1.418666666666666,0.6887978426858423,1.418666666666666,0.8034338698368421,1.418666666666666,0.9177176800840888,1.418666666666666,1.141168993434867,1.418666666666666,1.24334520004026,1.418666666666666,1.325495738875967,1.418666666666666,1.41261353328591,1.418666666666666,1.434702916800356,1.418666666666666,1.450903301629386
1.429333333333333,0.04593362739989586,1.429333333333333,0.1377965433767036,1.429333333333333,0.2296535748444687,1.429333333333333,0.3444660978007911,1.429333333333333,0.4592672845682385,1.429333333333333,0.688797842957485,1.429333333333333,0.8034338707758615,1.429333333333333,0.9177176832396423,1.429333333333333,1.141169019325596,1.429333333333333,1.243345253073607,1.429333333333333,1.325495809922004,1.429333333333333,1.412613585591687,1.429333333333333,1.434702961857183,1.429333333333333,1.450903342234471
1.439999999999999,0.04593362740103824,1.439999999999999,0.1377965433806901,1.439999999999999,0.2296535748517399,1.439999999999999,0.3444660978144361,1.439999999999999,0.4592672845974891,1.439999999999999,0.6887978432217366,1.439999999999999,0.8034338716893443,1.439999999999999,0.9177176863093441,1.439999999999999,1.141169044511208,1.439999999999999,1.243345304660284,1.439999999999999,1.325495879025292,1.439999999999999,1.412613636461031,1.439999999999999,1.434703005674876,1.439999999999999,1.450903381721571
1.450666666666666,0.04593362740214996,1.450666666666666,0.1377965433845696,1.450666666666666,0.2296535748588153,1.450666666666666,0.3444660978277133,1.450666666666666,0.4592672846259532,1.450666666666666,0.6887978434788845,1.450666666666666,0.803433872578258,1.450666666666666,0.9177176892964997,1.450666666666666,1.141169069018868,1.450666666666666,1.243345354856193,1.450666666666666,1.325495946261067,1.450666666666666,1.412613685949828,1.450666666666666,1.434703048301728,1.450666666666666,1.450903420134305
1.461333333333332,0.04593362740323215,1.461333333333332,0.137796543388346,1.461333333333332,0.229653574865703,1.461333333333332,0.3444660978406385,1.461333333333332,0.4592672846536619,1.461333333333332,0.6887978437291974,1.461333333333332,0.8034338734435436,1.461333333333332,0.9177176922042494,1.461333333333332,1.1411690928744,1.461333333333332,1.243345403714331,1.461333333333332,1.325496011700732,1.461333333333332,1.412613734111105,1.461333333333332,1.434703089783544,1.461333333333332,1.450903457514053
1.471999999999999,0.04593362740428588,1.471999999999999,0.1377965433920231,1.471999999999999,0.2296535748724097,1.471999999999999,0.3444660978532241,1.471999999999999,0.4592672846806422,1.471999999999999,0.6887978439729404,1.471999999999999,0.8034338742860887,1.471999999999999,0.9177176950355646,1.471999999999999,1.141169116102304,1.471999999999999,1.243345451285064,1.471999999999999,1.325496075412066,1.471999999999999,1.412613780995192,1.471999999999999,1.434703130163804,1.471999999999999,1.450903493900088
1.482666666666666,0.04593362740531222,1.482666666666666,0.1377965433956046,1.482666666666666,0.229653574878942,1.482666666666666,0.3444660978654822,1.482666666666666,0.45926728470692,1.482666666666666,0.6887978442103407,1.482666666666666,0.8034338751067468,1.482666666666666,0.9177176977932995,1.482666666666666,1.141169138725881,1.482666666666666,1.243345497616275,1.482666666666666,1.325496137459501,1.482666666666666,1.412613826649912,1.482666666666666,1.434703169483814,1.482666666666666,1.450903529329717
1.493333333333332,0.04593362740631223,1.493333333333332,0.1377965433990942,1.493333333333332,0.2296535748853063,1.493333333333332,0.3444660978774253,1.493333333333332,0.4592672847325235,1.493333333333332,0.6887978444416388,1.493333333333332,0.8034338759062993,1.493333333333332,0.9177177004801373,1.493333333333332,1.141169160767288,1.493333333333332,1.243345542753449,1.493333333333332,1.325496197904283,1.493333333333332,1.412613871120724,1.493333333333332,1.434703207782839,1.493333333333332,1.450903563838402
1.503999999999999,0.04593362740728677,1.503999999999999,0.1377965434024951,1.503999999999999,0.2296535748915091,1.503999999999999,0.3444660978890653,1.503999999999999,0.459267284757476,1.503999999999999,0.6887978446670557,1.503999999999999,0.8034338766855202,1.503999999999999,0.9177177030986325,1.503999999999999,1.141169182247577,1.503999999999999,1.243345586739933,1.503999999999999,1.325496256804698,1.503999999999999,1.412613914450861,1.503999999999999,1.43470324509822,1.503999999999999,1.450903597459865
1.514666666666665,0.04593362740823677,1.514666666666665,0.1377965434058101,1.514666666666665,0.2296535748975558,1.514666666666665,0.3444660979004124,1.514666666666665,0.4592672847818003,1.514666666666665,0.6887978448867988,1.514666666666665,0.8034338774451326,1.514666666666665,0.917717705651245,1.514666666666665,1.141169203186861,1.514666666666665,1.243345629616924,1.514666666666665,1.325496314216208,1.514666666666665,1.412613956681488,1.514666666666665,1.434703281465504,1.514666666666665,1.450903630226202
1.525333333333332,0.04593362740916315,1.525333333333332,0.1377965434090429,1.525333333333332,0.2296535749034515,1.525333333333332,0.344466097911476,1.525333333333332,0.459267284805519,1.525333333333332,0.6887978451010726,1.525333333333332,0.8034338781858436,1.525333333333332,0.9177177081402981,1.525333333333332,1.141169223604252,1.525333333333332,1.243345671423732,1.525333333333332,1.325496370191685,1.525333333333332,1.412613997851799,1.525333333333332,1.434703316918534,1.525333333333332,1.450903662167981
1.535999999999999,0.04593362741006672,1.535999999999999,0.137796543412196,1.535999999999999,0.2296535749092024,1.535999999999999,0.3444660979222678,1.535999999999999,0.4592672848286583,1.535999999999999,0.6887978453100656,1.535999999999999,0.8034338789082909,1.535999999999999,0.9177177105679918,1.535999999999999,1.141169243517976,1.535999999999999,1.243345712197812,1.535999999999999,1.325496424781485,1.535999999999999,1.412614037999147,1.535999999999999,1.434703351489566,1.535999999999999,1.450903693314319
1.546666666666665,0.04593362741094822,1.546666666666665,0.1377965434152721,1.546666666666665,0.2296535749148129,1.546666666666665,0.3444660979327964,1.546666666666665,0.4592672848512286,1.546666666666665,0.6887978455139601,1.546666666666665,0.8034338796131121,1.546666666666665,0.917717712936469,1.546666666666665,1.141169262945437,1.546666666666665,1.243345751974867,1.546666666666665,1.32549647803367,1.546666666666665,1.412614077159147,1.546666666666665,1.434703385209353,1.546666666666665,1.450903723692985
1.557333333333332,0.04593362741180843,1.557333333333332,0.1377965434182739,1.557333333333332,0.2296535749202877,1.557333333333332,0.3444660979430703,1.557333333333332,0.4592672848732531,1.557333333333332,0.68879784571293,1.557333333333332,0.8034338803009109,1.557333333333332,0.9177177152477273,1.557333333333332,1.141169281903232,1.557333333333332,1.243345790789007,1.557333333333332,1.325496529994068,1.557333333333332,1.412614115365784,1.557333333333332,1.434703418107228,1.557333333333332,1.450903753330461
1.567999999999999,0.04593362741264811,1.567999999999999,0.1377965434212041,1.567999999999999,0.2296535749256318,1.567999999999999,0.3444660979530989,1.567999999999999,0.4592672848947514,1.567999999999999,0.6887978459071423,1.567999999999999,0.8034338809722619,1.567999999999999,0.91771771750372,1.567999999999999,1.14116930040721,1.567999999999999,1.243345828672754,1.567999999999999,1.32549658070647,1.567999999999999,1.412614152651489,1.567999999999999,1.434703450211195,1.567999999999999,1.450903782252028
1.578666666666665,0.0459336274134679,1.578666666666665,0.1377965434240648,1.578666666666665,0.2296535749308493,1.578666666666665,0.34446609796289,1.578666666666665,0.4592672849157407,1.578666666666665,0.6887978460967551,1.578666666666665,0.8034338816277116,1.578666666666665,0.9177177197062737,1.578666666666665,1.141169318472526,1.578666666666665,1.243345865657238,1.578666666666665,1.325496630212665,1.578666666666665,1.412614189047241,1.578666666666665,1.434703481547995,1.578666666666665,1.450903810481828
1.589333333333332,0.0459336274142684,1.589333333333332,0.1377965434268582,1.589333333333332,0.2296535749359448,1.589333333333332,0.3444660979724515,1.589333333333332,0.4592672849362373,1.589333333333332,0.6887978462819182,1.589333333333332,0.803433882267793,1.589333333333332,0.9177177218571415,1.589333333333332,1.141169336113651,1.589333333333332,1.24334590177217,1.589333333333332,1.325496678552629,1.589333333333332,1.41261422458265,1.589333333333332,1.434703512143183,1.589333333333332,1.450903838042926
1.6,0.04593362741505035,1.6,0.137796543429587,1.6,0.2296535749409211,1.6,0.3444660979817901,1.6,0.4592672849562578,1.6,0.6887978464627799,1.6,0.8034338828929916,1.6,0.917717723958033,1.6,1.141169353344433,1.6,1.24334593704598,1.6,1.325496725764566,1.6,1.412614259286012,1.6,1.434703542021184,1.6,1.450903864957372
