"/net2 (Rf=1000,R1=500) X","/net2 (Rf=1000,R1=500) Y","/net2 (Rf=3000,R1=1500) X","/net2 (Rf=3000,R1=1500) Y","/net2 (Rf=5000,R1=2500) X","/net2 (Rf=5000,R1=2500) Y","/net2 (Rf=7500,R1=3750) X","/net2 (Rf=7500,R1=3750) Y","/net2 (Rf=10000,R1=5000) X","/net2 (Rf=10000,R1=5000) Y","/net2 (Rf=15000,R1=7500) X","/net2 (Rf=15000,R1=7500) Y","/net2 (Rf=17500,R1=8750) X","/net2 (Rf=17500,R1=8750) Y","/net2 (Rf=20000,R1=10000) X","/net2 (Rf=20000,R1=10000) Y","/net2 (Rf=25000,R1=12500) X","/net2 (Rf=25000,R1=12500) Y","/net2 (Rf=27500,R1=13750) X","/net2 (Rf=27500,R1=13750) Y","/net2 (Rf=30000,R1=15000) X","/net2 (Rf=30000,R1=15000) Y","/net2 (Rf=35000,R1=17500) X","/net2 (Rf=35000,R1=17500) Y","/net2 (Rf=37500,R1=18750) X","/net2 (Rf=37500,R1=18750) Y","/net2 (Rf=40000,R1=20000) X","/net2 (Rf=40000,R1=20000) Y"
0,0.05062092143482954,0,0.1017055667789514,0,0.1309218153604845,0,0.1553296595984062,0,0.1728649902266271,0,0.1975217686228137,0,0.2067697992289094,0,0.2146712426801491,0,0.2279267796425185,0,0.2334428153750474,0,0.2384599562456877,0,0.2472385793957561,0,0.251124672227267,0,0.254660878424433
0.01066666666666667,0.05062099455858268,0.01066666666666667,0.1017056600856134,0.01066666666666667,0.1309217515468769,0.01066666666666667,0.155317313440155,0.01066666666666667,0.1728701020790076,0.01066666666666667,0.1975289312840281,0.01066666666666667,0.2068003871312696,0.01066666666666667,0.2147633006459056,0.01066666666666667,0.2279030208636494,0.01066666666666667,0.2334449339478165,0.01066666666666667,0.2384651497579579,0.01066666666666667,0.2472642292141781,0.01066666666666667,0.2511624105385454,0.01066666666666667,0.2547863485088929
0.02133333333333334,0.05062101243467935,0.02133333333333334,0.1017057383128148,0.02133333333333334,0.130921891447984,0.02133333333333334,0.1553175271672412,0.02133333333333334,0.1728703860649911,0.02133333333333334,0.1975293473637735,0.02133333333333334,0.206800865956116,0.02133333333333334,0.2147638404545655,0.02133333333333334,0.2279036782776155,0.02133333333333334,0.2334456483381302,0.02133333333333334,0.2384659200939068,0.02133333333333334,0.2472651087858162,0.02133333333333334,0.2511633435816349,0.02133333333333334,0.2547873343612344
0.032,0.05062103722672529,0.032,0.1017058468049013,0.032,0.130922085474937,0.032,0.1553178235826718,0.032,0.1728707799221602,0.032,0.1975299244217039,0.032,0.206801530035482,0.032,0.2147645891128039,0.032,0.2279045900440108,0.032,0.2334466391259268,0.032,0.2384669884737634,0.032,0.2472663286671627,0.032,0.2511646376239863,0.032,0.2547887016461974
0.04266666666666667,0.05062107158424387,0.04266666666666667,0.1017059971565822,0.04266666666666667,0.1309223543638574,0.04266666666666667,0.1553182343657225,0.04266666666666667,0.172871325744303,0.04266666666666667,0.1975307241328714,0.04266666666666667,0.2068024503459844,0.04266666666666667,0.214765626637956,0.04266666666666667,0.2279058536155424,0.04266666666666667,0.2334480122111621,0.04266666666666667,0.238468469092125,0.04266666666666667,0.2472680192490037,0.04266666666666667,0.2511664309848329,0.04266666666666667,0.2547905965135116
0.05333333333333334,0.05062111915559009,0.05333333333333334,0.1017062053337313,0.05333333333333334,0.1309227266686289,0.05333333333333334,0.1553188031391107,0.05333333333333334,0.1728720814955872,0.05333333333333334,0.1975318314263949,0.05333333333333334,0.2068037246259823,0.05333333333333334,0.2147670632185177,0.05333333333333334,0.2279076031917737,0.05333333333333334,0.2334499134267345,0.05333333333333334,0.2384705192051823,0.05333333333333334,0.2472703600931101,0.05333333333333334,0.2511689141452085,0.05333333333333334,0.2547932202286897
0.06400000000000002,0.05062118495449443,0.06400000000000002,0.1017064932775784,0.06400000000000002,0.130923241629966,0.06400000000000002,0.1553195898528582,0.06400000000000002,0.172873126835962,0.06400000000000002,0.1975333630221292,0.06400000000000002,0.2068054872004438,0.06400000000000002,0.2147690502913484,0.06400000000000002,0.2279100232119669,0.06400000000000002,0.2334525432018727,0.06400000000000002,0.2384733549437348,0.06400000000000002,0.2472735979905395,0.06400000000000002,0.2511723489057451,0.06400000000000002,0.2547968494167646
0.07466666666666669,0.05062127585499277,0.07466666666666669,0.101706891070916,0.07466666666666669,0.1309239530499725,0.07466666666666669,0.1553206767042992,0.07466666666666669,0.1728745709884065,0.07466666666666669,0.1975354789603072,0.07466666666666669,0.2068079222509747,0.07466666666666669,0.2147717955036079,0.07466666666666669,0.2279133665810865,0.07466666666666669,0.2334561763701764,0.07466666666666669,0.2384772726749276,0.07466666666666669,0.2472780713581254,0.07466666666666669,0.2511770942691727,0.07466666666666669,0.2548018634129148
0.08533333333333336,0.05062140125602371,0.08533333333333336,0.1017074398470638,0.08533333333333336,0.130924934495502,0.08533333333333336,0.1553221760889117,0.08533333333333336,0.1728765633055522,0.08533333333333336,0.197538398088964,0.08533333333333336,0.2068112816419147,0.08533333333333336,0.2147755828127302,0.08533333333333336,0.2279179791571646,0.08533333333333336,0.2334611887835675,0.08533333333333336,0.2384826777051626,0.08533333333333336,0.2472842430222681,0.08533333333333336,0.2511836412227092,0.08533333333333336,0.2548087810193712
0.09600000000000003,0.05062157396801513,0.09600000000000003,0.101708195670878,0.09600000000000003,0.1309262862407306,0.09600000000000003,0.1553242412096745,0.09600000000000003,0.1728793073706127,0.09600000000000003,0.1975424187346227,0.09600000000000003,0.2068159087141622,0.09600000000000003,0.2147807993172395,0.09600000000000003,0.2279243324432391,0.09600000000000003,0.2334680928459549,0.09600000000000003,0.2384901226053227,0.09600000000000003,0.2472927439987292,0.09600000000000003,0.2511926591899523,0.09600000000000003,0.2548183095975191
0.1066666666666667,0.05062181138651591,0.1066666666666667,0.1017092346769002,0.1066666666666667,0.1309281444595926,0.1066666666666667,0.1553270801262352,0.1066666666666667,0.1728830796723044,0.1066666666666667,0.197547946083973,0.1066666666666667,0.2068222698071743,0.1066666666666667,0.2147879708057298,0.1066666666666667,0.2279330669103961,0.1066666666666667,0.2334775846064353,0.1066666666666667,0.238500358008577,0.1066666666666667,0.2473044315312285,0.1066666666666667,0.2512050576174418,0.1066666666666667,0.2548314101609034
0.1173333333333334,0.05062213703165101,0.1173333333333334,0.1017106598103454,0.1173333333333334,0.1309306932875825,0.1173333333333334,0.1553309741926396,0.1173333333333334,0.1728882541172629,0.1173333333333334,0.1975555281355637,0.1173333333333334,0.2068309956528541,0.1173333333333334,0.214797808445537,0.1173333333333334,0.2279450489123271,0.1173333333333334,0.2334906056353483,0.1173333333333334,0.2385143993628323,0.1173333333333334,0.2473204653789205,0.1173333333333334,0.2512220669363679,0.1173333333333334,0.254849382957793
0.128,0.05062258254575671,0.128,0.1017126095766161,0.128,0.1309341804808486,0.128,0.1553363019997676,0.128,0.1728953338681099,0.128,0.1975659024160334,0.128,0.2068429351745989,0.128,0.2148112694755694,0.128,0.2279614447004086,0.128,0.2335084235070044,0.128,0.238533613772803,0.128,0.2473424071006445,0.128,0.2512453439498292,0.128,0.2548739788939469
0.1386666666666667,0.0506231902526753,0.1386666666666667,0.1017152692549974,0.1386666666666667,0.1309389374916087,0.1386666666666667,0.155343570080995,0.1386666666666667,0.1729049921885432,0.1386666666666667,0.1975800559494519,0.1386666666666667,0.2068592245691924,0.1386666666666667,0.2148296351628304,0.1386666666666667,0.2279838155453922,0.1386666666666667,0.2335327352618091,0.1386666666666667,0.2385598316675962,0.1386666666666667,0.2473723477900479,0.1386666666666667,0.251277107455779,0.1386666666666667,0.2549075429607663
0.1493333333333333,0.05062401638747741,0.1493333333333333,0.1017188850573852,0.1493333333333333,0.1309454048271866,0.1493333333333333,0.1553534517187903,0.1493333333333333,0.1729181240887777,0.1493333333333333,0.1975993011512502,0.1493333333333333,0.2068813747701528,0.1493333333333333,0.2148546095426951,0.1493333333333333,0.2280142383162306,0.1493333333333333,0.2335657986094444,0.1493333333333333,0.2385954884645949,0.1493333333333333,0.2474130702479457,0.1493333333333333,0.2513203104995379,0.1493333333333333,0.2549531964701244
0.16,0.05062513509996697,0.16,0.1017237816927542,0.16,0.1309541635290855,0.16,0.1553668351519057,0.16,0.1729359105256505,0.16,0.1976253702927746,0.16,0.2069113803794342,0.16,0.2148884424691107,0.16,0.2280554559205645,0.16,0.2336105957179662,0.16,0.2386438015168667,0.16,0.2474682517708034,0.16,0.2513788558851278,0.16,0.2550150651794953
0.1706666666666667,0.05062664331313663,0.1706666666666667,0.1017303837066314,0.1706666666666667,0.1309659734536218,0.1706666666666667,0.1553848822612092,0.1706666666666667,0.1729598966359205,0.1706666666666667,0.1976605308304673,0.1706666666666667,0.2069518527780231,0.1706666666666667,0.2149340801086567,0.1706666666666667,0.2281110616095725,0.1706666666666667,0.2336710340379915,0.1706666666666667,0.2387089872480524,0.1706666666666667,0.2475427133963176,0.1706666666666667,0.2514578612691468,0.1706666666666667,0.2550985601235694
0.1813333333333333,0.05062866647209099,0.1813333333333333,0.1017392407742025,0.1813333333333333,0.1309818187082326,0.1813333333333333,0.1554090983357785,0.1813333333333333,0.1729920848782041,0.1813333333333333,0.1977077230933566,0.1813333333333333,0.2070061792512559,0.1813333333333333,0.2149953450774708,0.1813333333333333,0.2281857201342264,0.1813333333333333,0.233752187573276,0.1813333333333333,0.2387965223303872,0.1813333333333333,0.2476427204104523,0.1813333333333333,0.2515639791462189,0.1813333333333333,0.2552107169866652
0.192,0.05063136514431476,0.192,0.1017510568127893,0.192,0.1310029600588625,0.192,0.1554414127345174,0.192,0.173035042960334,0.192,0.1977707204882708,0.192,0.2070787085010833,0.192,0.2150771468498873,0.192,0.2282854270193123,0.192,0.2338605802424591,0.192,0.2389134509678268,0.192,0.2477763371263737,0.192,0.2517057752673442,0.192,0.2553605981257482
0.2026666666666666,0.05063494232646053,0.2026666666666666,0.1017667223373405,0.2026666666666666,0.1310309933639154,0.2026666666666666,0.1554842691520126,0.2026666666666666,0.1730920250271045,0.2026666666666666,0.1978543105212987,0.2026666666666666,0.2071749608841546,0.2026666666666666,0.2151857208960879,0.2026666666666666,0.2284178048684579,0.2026666666666666,0.2340045105775005,0.2026666666666666,0.2390687379290216,0.2026666666666666,0.2479538365759715,0.2026666666666666,0.251894166727432,0.2026666666666666,0.2555597591407511
0.2133333333333333,0.05063965118116062,0.2133333333333333,0.1017873489346616,0.2133333333333333,0.131067912153702,0.2133333333333333,0.1555407228433429,0.2133333333333333,0.1731671028825754,0.2133333333333333,0.1979644927202183,0.2133333333333333,0.2073018593240212,0.2133333333333333,0.2153288924871022,0.2133333333333333,0.228592432973886,0.2133333333333333,0.2341944143696939,0.2133333333333333,0.2392736643876095,0.2133333333333333,0.2481881633865592,0.2133333333333333,0.2521429187613221,0.2133333333333333,0.2558227799046718
0.2239999999999999,0.05064580278437795,0.2239999999999999,0.1018143041441739,0.2239999999999999,0.1311161714807428,0.2239999999999999,0.1556145407489142,0.2239999999999999,0.1732653022763824,0.2239999999999999,0.198108687370767,0.2239999999999999,0.2074679745666886,0.2239999999999999,0.2155163587848776,0.2239999999999999,0.2288212042902171,0.2239999999999999,0.2344432598047795,0.2239999999999999,0.2395422617638745,0.2239999999999999,0.2484954468462954,0.2239999999999999,0.2524691984094295,0.2239999999999999,0.2561678595410887
0.2346666666666666,0.05065377333481662,0.2346666666666666,0.1018492445150065,0.2346666666666666,0.1311787493130044,0.2346666666666666,0.1557102992899883,0.2346666666666666,0.1733927379026715,0.2346666666666666,0.1982959474675977,0.2346666666666666,0.2076837770062216,0.2346666666666666,0.2157599815492152,0.2346666666666666,0.2291187031152092,0.2346666666666666,0.2347669693262678,0.2346666666666666,0.2398917789598365,0.2346666666666666,0.248895562630521,0.2346666666666666,0.2528941854559349,0.2346666666666666,0.2566174779490542
0.2453333333333333,0.05066401019315041,0.2453333333333333,0.101894144296087,0.2453333333333333,0.1312592012681333,0.2453333333333333,0.1558334740427389,0.2453333333333333,0.1735567402283991,0.2453333333333333,0.1985371661550538,0.2453333333333333,0.2079618875539916,0.2453333333333333,0.2160740835260596,0.2453333333333333,0.2295025988744445,0.2453333333333333,0.235184865361218,0.2453333333333333,0.2403431822432254,0.2453333333333333,0.2494127478598476,0.2453333333333333,0.2534437486219352,0.2453333333333333,0.2571991355859638
0.2559999999999999,0.05067703610761781,0.2559999999999999,0.1019513172219115,0.2559999999999999,0.1313617045914123,0.2559999999999999,0.1559905158424469,0.2559999999999999,0.1737659679809139,0.2559999999999999,0.1988452737903775,0.2559999999999999,0.2083173226683357,0.2559999999999999,0.2164757451620074,0.2559999999999999,0.2299940573479488,0.2559999999999999,0.2357201444268593,0.2559999999999999,0.2409216960516889,0.2559999999999999,0.2500762870585244,0.2559999999999999,0.2541492101705928,0.2559999999999999,0.2579462009153562
0.2666666666666666,0.05069345105267978,0.2666666666666666,0.1020234292131415,0.2666666666666666,0.1314910880111959,0.2666666666666666,0.1561889091842313,0.2666666666666666,0.1740305021653113,0.2666666666666666,0.1992354227486385,0.2666666666666666,0.2087677339025566,0.2666666666666666,0.2169851049969068,0.2666666666666666,0.2306181810266922,0.2666666666666666,0.236400396705513,0.2666666666666666,0.2416574080732274,0.2666666666666666,0.2509213076910028,0.2666666666666666,0.2550482467584223,0.2666666666666666,0.2588989235848017
0.2773333333333333,0.05071393123787764,0.2773333333333333,0.1021135004160719,0.2773333333333333,0.1316528452701191,0.2773333333333333,0.1564372107678855,0.2773333333333333,0.1743619204447893,0.2773333333333333,0.1997251636599125,0.2773333333333333,0.2093336496001704,0.2773333333333333,0.2176256763691661,0.2773333333333333,0.2314045046874726,0.2773333333333333,0.2372582057668947,0.2773333333333333,0.2425859832260398,0.2773333333333333,0.2519897542409112,0.2773333333333333,0.2561860101165442,0.2773333333333333,0.2601057133369289
0.2879999999999999,0.05073922498459179,0.2879999999999999,0.1022248956271948,0.2879999999999999,0.1318531313031643,0.2879999999999999,0.1567450680219373,0.2879999999999999,0.1747733537290803,0.2879999999999999,0.2003346227363373,0.2879999999999999,0.2100387343983887,0.2879999999999999,0.2184247036496376,0.2879999999999999,0.2323875897044282,0.2879999999999999,0.2383318850130462,0.2879999999999999,0.2437495583424773,0.2879999999999999,0.2533316504400972,0.2879999999999999,0.2576166002121345,0.2879999999999999,0.2616248434612923
0.2986666666666666,0.05077014525995453,0.2986666666666666,0.1023613025162787,0.2986666666666666,0.1320987407129041,0.2986666666666666,0.1571232186582792,0.2986666666666666,0.1752795288521986,0.2986666666666666,0.2010866948499896,0.2986666666666666,0.2109100895891846,0.2986666666666666,0.219413591760301,0.2986666666666666,0.2336077803295221,0.2986666666666666,0.2396664334778951,0.2986666666666666,0.2451979231790173,0.2986666666666666,0.255006813730509,0.2986666666666666,0.2594050914276625,0.2986666666666666,0.2635268213480104
0.3093333333333332,0.05080755866749009,0.3093333333333332,0.1025266970159078,0.3093333333333332,0.1323970680768484,0.3093333333333332,0.1575834722760117,0.3093333333333332,0.175896801656829,0.3093333333333332,0.2020072703514087,0.3093333333333332,0.2119786235524805,0.3093333333333332,0.2206284529651237,0.3093333333333332,0.2351122082907192,0.3093333333333332,0.2413148261759137,0.3093333333333332,0.246990137879324,0.3093333333333332,0.257087263756864,0.3093333333333332,0.261630412373571,0.3093333333333332,0.2658977958549317
0.3199999999999999,0.05085237065263179,0.3199999999999999,0.1027252948972527,0.3199999999999999,0.1327560488832718,0.3199999999999999,0.1581386739881466,0.3199999999999999,0.1766431839609297,0.3199999999999999,0.2031255160282431,0.3199999999999999,0.2132795276501633,0.3199999999999999,0.2221108268317284,0.3199999999999999,0.2369561633860474,0.3199999999999999,0.2433398004359592,0.3199999999999999,0.2491968026469106,0.3199999999999999,0.2596606884016388,0.3199999999999999,0.2643895407542748,0.3199999999999999,0.2688445804233334
0.3306666666666666,0.0509055066894366,0.3306666666666666,0.1029614883283028,0.3306666666666666,0.1331840792688805,0.3306666666666666,0.1588026490878931,0.3306666666666666,0.1775383672413262,0.3306666666666666,0.2044742346918001,0.3306666666666666,0.2148529027082565,0.3306666666666666,0.2239086478351281,0.3306666666666666,0.239204997409262,0.3306666666666666,0.2458163740163736,0.3306666666666666,0.2519033026359251,0.3306666666666666,0.2628355368824644,0.3306666666666666,0.2678037519607734,0.3306666666666666,0.2725022385196879
0.3413333333333332,0.05096788941516334,0.3413333333333332,0.1032397667352644,0.3413333333333332,0.1336899133287192,0.3413333333333332,0.1595901284152376,0.3413333333333332,0.1786037477215928,0.3413333333333332,0.2060903377329786,0.3413333333333332,0.2167446001575635,0.3413333333333332,0.2260775682975367,0.3413333333333332,0.2419368135271732,0.3413333333333332,0.248835457798091,0.3413333333333332,0.2552145356271219,0.3413333333333332,0.2667486737863457,0.3413333333333332,0.272028159113587,0.3413333333333332,0.2770458526037081
0.3519999999999999,0.05104041218721524,0.3519999999999999,0.1035646230988733,0.3519999999999999,0.1342825395811655,0.3519999999999999,0.1605166586345143,0.3519999999999999,0.1798624641578149,0.3519999999999999,0.2080154852154433,0.3519999999999999,0.2190073769351711,0.3519999999999999,0.2286828027776651,0.3519999999999999,0.2452463385060136,0.3519999999999999,0.252509144645686,0.3519999999999999,0.2592619518168859,0.3519999999999999,0.2715771864148541,0.3519999999999999,0.2772667043173736,0.3519999999999999,0.2827093743600722
0.3626666666666665,0.05112391036037814,0.3626666666666665,0.1039404500355777,0.3626666666666665,0.1349710435143276,0.3626666666666665,0.1615985103435972,0.3626666666666665,0.181339472188435,0.3626666666666665,0.2102969826871978,0.3626666666666665,0.221702521643738,0.3626666666666665,0.2318017565547597,0.3626666666666665,0.2492506187775784,0.3626666666666665,0.2569786291617054,0.3626666666666665,0.2642142954909902,0.3626666666666665,0.277557145008362,0.3626666666666665,0.2837965006218026,0.3626666666666665,0.2898169364652984
0.3733333333333332,0.05121913257071853,0.3733333333333332,0.1043714341148407,0.3733333333333332,0.1357644702546151,0.3733333333333332,0.1628526057496554,0.3733333333333332,0.1830616971169877,0.3733333333333332,0.2129890757286229,0.3733333333333332,0.2249021987531221,0.3733333333333332,0.2355278516873919,0.3733333333333332,0.2540975807788061,0.3733333333333332,0.262426341871052,0.3733333333333332,0.2702944112673519,0.3733333333333332,0.2850143535320458,0.3733333333333332,0.2920087648609604,0.3733333333333332,0.2988369452237046
0.3839999999999998,0.05132671517108618,0.3839999999999998,0.1048614607118416,0.3839999999999998,0.1366717084766016,0.3839999999999998,0.1642965030059826,0.3839999999999998,0.1850583281961223,0.3839999999999998,0.2161548544174817,0.3839999999999998,0.2286928865864234,0.3839999999999998,0.2399761907484093,0.3839999999999998,0.2599791369448121,0.3839999999999998,0.2690949238788579,0.3839999999999998,0.2778061472794902,0.3839999999999998,0.2944162648853452,0.3839999999999998,0.3024799852032557,0.3839999999999998,0.3104790528154421
0.3946666666666665,0.0514471633448457,0.3946666666666665,0.1054140438845129,0.3946666666666665,0.137701421406381,0.3946666666666665,0.1659484827083159,0.3946666666666665,0.1873613389034003,0.3946666666666665,0.2198690730945058,0.3946666666666665,0.2331804645940856,0.3946666666666665,0.2452920273156975,0.3946666666666665,0.2671515049935481,0.3946666666666665,0.2773173194096482,0.3946666666666665,0.2871781169564194,0.3946666666666665,0.3064614061856694,0.3946666666666665,0.3160982022623605,0.3946666666666665,0.3258708918759991
0.4053333333333332,0.05158084207100525,0.4053333333333332,0.1060322951686033,0.4053333333333332,0.1388620512395005,0.4053333333333332,0.1678277877153745,0.4053333333333332,0.1900063371698648,0.4053333333333332,0.2242223099975797,0.4053333333333332,0.2384977456377033,0.4053333333333332,0.2516634582503445,0.4053333333333332,0.2759667439370551,0.4053333333333332,0.2875644986089321,0.4053333333333332,0.299034760816991,0.4053333333333332,0.3222311677970239,0.4053333333333332,0.3342787856560036,0.4053333333333332,0.3468520665923844
0.4159999999999998,0.05172797897869717,0.4159999999999998,0.1067189414557433,0.4159999999999998,0.1401619187977336,0.4159999999999998,0.1699550673324306,0.4159999999999998,0.1930338669723369,0.4159999999999998,0.2293270364618413,0.4159999999999998,0.2448155321989786,0.4159999999999998,0.2593402335795768,0.4159999999999998,0.2869205272124123,0.4159999999999998,0.3005185407102939,0.4159999999999998,0.3143058894173531,0.4159999999999998,0.3434079505112879,0.4159999999999998,0.3592178436935709,0.4159999999999998,0.3761382380406605
0.4266666666666665,0.05188867941465357,0.4266666666666665,0.1074763958677547,0.4266666666666665,0.1416094316237744,0.4266666666666665,0.1723530725209297,0.4266666666666665,0.1964913001272509,0.4266666666666665,0.2353263075621499,0.4266666666666665,0.2523584585204919,0.4266666666666665,0.2686606035017957,0.4266666666666665,0.3007183142903345,0.4266666666666665,0.317170033615057,0.4266666666666665,0.3343591580620559,0.4266666666666665,0.3722862588483681,0.4266666666666665,0.3933762988047511,0.4266666666666665,0.4156325195777187
0.4373333333333331,0.05206295213558286,0.4373333333333331,0.108306878104043,0.4373333333333331,0.1432134029832342,0.4373333333333331,0.1750476429648913,0.4373333333333331,0.2004354759675072,0.4373333333333331,0.2424057854598154,0.4373333333333331,0.2614263816063242,0.4373333333333331,0.2800858140462229,0.4373333333333331,0.3183418340255586,0.4373333333333331,0.3388819466022408,0.4373333333333331,0.3609656445266112,0.4373333333333331,0.4102342404823016,0.4373333333333331,0.4365862025514848,0.4373333333333331,0.4633724148304357
0.4479999999999998,0.05225074235378697,0.4479999999999998,0.1092125736973924,0.4479999999999998,0.1449834738459907,0.4479999999999998,0.1780690223413705,0.4479999999999998,0.2049362604393649,0.4479999999999998,0.2508091780250985,0.4479999999999998,0.2724190394814442,0.4479999999999998,0.2942316430784239,0.4479999999999998,0.341020749489279,0.4479999999999998,0.3671336701544874,0.4479999999999998,0.3953242491240886,0.4479999999999998,0.4553596015287309,0.4479999999999998,0.4859653376948415,0.4479999999999998,0.5165954215155509
0.4586666666666664,0.05245196775474308,0.4586666666666664,0.1101958163375684,0.4586666666666664,0.1469306219783913,0.4586666666666664,0.1814535357714114,0.4586666666666664,0.2100811732667565,0.4586666666666664,0.2608545216073047,0.4586666666666664,0.2858514232568379,0.4586666666666664,0.3118569921726073,0.4586666666666664,0.3698173916444,0.4586666666666664,0.4023038947666983,0.4586666666666664,0.4361902727372693,0.4586666666666664,0.5051476522584392,0.4586666666666664,0.5396365504982918,0.4586666666666664,0.5739764562149923
0.4693333333333331,0.05266655277272851,0.4693333333333331,0.1112592748518363,0.4693333333333331,0.1490677379210685,0.4693333333333331,0.1852456586560303,0.4693333333333331,0.2159810726140091,0.4693333333333331,0.2729409025750542,0.4693333333333331,0.3023232340240538,0.4693333333333331,0.3337191883591071,0.4693333333333331,0.4045254742122599,0.4693333333333331,0.4426457929281086,0.4693333333333331,0.4812173713773572,0.4693333333333331,0.5583814588850651,0.4693333333333331,0.5967168252647846,0.4693333333333331,0.6347545790160831
0.4799999999999998,0.05289445690556435,0.4799999999999998,0.1124061270341107,0.4799999999999998,0.1514102482354446,0.4799999999999998,0.1895004821942698,0.4799999999999998,0.2227763254798151,0.4799999999999998,0.2875186780347828,0.4799999999999998,0.322378871293369,0.4799999999999998,0.3602033108063699,0.4799999999999998,0.4433677783398018,0.4799999999999998,0.4862204657679545,0.4799999999999998,0.5291078013679625,0.4799999999999998,0.6144028094201758,0.4799999999999998,0.6565818447686973,0.4799999999999998,0.6982494758925566
0.4906666666666664,0.05313569407257628,0.4906666666666664,0.1136402062336297,0.4906666666666664,0.1539767744663552,0.4906666666666664,0.1942864924551344,0.4906666666666664,0.2306413135377392,0.4906666666666664,0.3049813959676393,0.4906666666666664,0.3462378598707904,0.4906666666666664,0.3908434803694593,0.4906666666666664,0.4847643465485381,0.4906666666666664,0.5320617514006607,0.4906666666666664,0.5792288011312744,0.4906666666666664,0.6726793026704938,0.4906666666666664,0.7186271477298267,0.4906666666666664,0.7637201842701842
0.5013333333333331,0.05339034171602898,0.5013333333333331,0.1149661127179894,0.5013333333333331,0.1567898085276797,0.5013333333333331,0.1996883173021078,0.5013333333333331,0.2397814487784632,0.5013333333333331,0.325477652206696,0.5013333333333331,0.3735434679881086,0.5013333333333331,0.4243688793192764,0.5013333333333331,0.5279415032360194,0.5013333333333331,0.5796621425323013,0.5013333333333331,0.6311400118141374,0.5013333333333331,0.7326850125761047,0.5013333333333331,0.7822002682337469,0.5013333333333331,0.8303239181130868
0.5119999999999998,0.05365854012499957,0.5119999999999998,0.1163892888137271,0.5119999999999998,0.1598763976561192,0.5119999999999998,0.2058084233746645,0.5119999999999998,0.2504106392597666,0.5119999999999998,0.3487675858285677,0.5119999999999998,0.4033872567544737,0.5119999999999998,0.459606283649612,0.5119999999999998,0.5724729513330582,0.5119999999999998,0.6286489182767534,0.5119999999999998,0.684453319697929,0.5119999999999998,0.7938668293941816,0.5119999999999998,0.8465828735857511,0.5119999999999998,0.8971247791601056
0.5226666666666665,0.05394048388624209,0.5226666666666665,0.1179160626650078,0.5226666666666665,0.1632687984229959,0.5226666666666665,0.2127652625325174,0.5226666666666665,0.2626940348985717,0.5226666666666665,0.3742678586950448,0.5226666666666665,0.4347624024247469,0.5226666666666665,0.4959174594975858,0.5226666666666665,0.6180402495115115,0.5226666666666665,0.6786935984280598,0.5226666666666665,0.7387965458557146,0.5226666666666665,0.8556365948595984,0.5226666666666665,0.9110018310107247,0.5226666666666665,0.9631512928284199
0.5333333333333332,0.05423640811122644,0.5333333333333332,0.1195536681681326,0.5333333333333332,0.1670049861054432,0.5333333333333332,0.2206827984209201,0.5333333333333332,0.2766609464842504,0.5333333333333332,0.4012419956900127,0.5333333333333332,0.4670089080829914,0.5333333333333332,0.5329565689528026,0.5333333333333332,0.664365478385227,0.5333333333333332,0.7294881024288553,0.5333333333333332,0.7938033965391169,0.5333333333333332,0.9173786180858217,0.5333333333333332,0.9746673227295908,0.5333333333333332,1.027481021004077
0.5439999999999999,0.05454657206373174,0.5439999999999999,0.1213102469518073,0.5439999999999999,0.1711287338975774,0.5439999999999999,0.2296641398956575,0.5439999999999999,0.2921459024806177,0.5439999999999999,0.4290421168131373,0.5439999999999999,0.4997707996801564,0.5439999999999999,0.5704813339294682,0.5439999999999999,0.711192734454837,0.5439999999999999,0.7807378909125194,0.5439999999999999,0.8491108677384123,0.5439999999999999,0.9784697374322803,0.5439999999999999,1.036818679780353,0.5439999999999999,1.089271491033992
0.5546666666666666,0.05487124218627649,0.5546666666666666,0.1231948317177404,0.5546666666666666,0.1756886356006941,0.5546666666666666,0.2397468038905301,0.5546666666666666,0.3088285588292214,0.5546666666666666,0.4572498246421713,0.5546666666666666,0.5328225527604736,0.5546666666666666,0.6082899643497314,0.5546666666666666,0.7582823367094293,0.5546666666666666,0.8321597954848912,0.5546666666666666,0.9043598583103302,0.5546666666666666,1.038297492633924,0.5546666666666666,1.096707369515233,0.5546666666666666,1.147504117852195
0.5653333333333334,0.05521067561249769,0.5653333333333334,0.1252172986574406,0.5653333333333334,0.1807348751077364,0.5653333333333334,0.2508580128951423,0.5653333333333334,0.3263454422623824,0.5653333333333334,0.4856197895961122,0.5653333333333334,0.5659884550685579,0.5653333333333334,0.6462020597826903,0.5653333333333334,0.8054086111282212,0.5653333333333334,0.8834813769182506,0.5653333333333334,0.959197086976874,0.5653333333333334,1.096221512608646,0.5653333333333334,1.153283419835554,0.5653333333333334,1.200020067435945
0.5760000000000001,0.05556510436420293,0.5760000000000001,0.1273882592066982,0.5760000000000001,0.1863118831588053,0.5760000000000001,0.262810455901523,0.5760000000000001,0.3443763217596133,0.5760000000000001,0.5139862346772753,0.5760000000000001,0.5991160259001923,0.5760000000000001,0.6840520270376892,0.5760000000000001,0.8523587306348556,0.5760000000000001,0.9344408230449482,0.5760000000000001,1.013273354310718,0.5760000000000001,1.151279963426952,0.5760000000000001,1.204221064986252,0.5760000000000001,1.243724495868222
0.5866666666666668,0.05593722205108011,0.5866666666666668,0.1297348300544064,0.5866666666666668,0.1924875395496767,0.5866666666666668,0.2754394358347211,0.5866666666666668,0.3627892116409087,0.5866666666666668,0.5424035189748182,0.5866666666666668,0.6322847242485067,0.5866666666666668,0.7219345949623718,0.5866666666666668,0.8992365704035654,0.5866666666666668,0.9851097346123291,0.5866666666666668,1.066554181534265,0.5866666666666668,1.201550766494836,0.5866666666666668,1.246660439957496,0.5866666666666668,1.278562000850757
0.5973333333333335,0.05632677743690059,0.5973333333333335,0.1322672224939385,0.5973333333333335,0.1992488829160934,0.5973333333333335,0.2884836181796109,0.5973333333333335,0.3813514280097952,0.5973333333333335,0.5707003223839612,0.5973333333333335,0.6653014395311503,0.5973333333333335,0.7596306658708071,0.5973333333333335,0.9457471013737531,0.5973333333333335,1.035101846864437,0.5973333333333335,1.118374652666894,0.5973333333333335,1.243663810044864,0.5973333333333335,1.280373452736307,0.5973333333333335,1.306571216359565
0.6080000000000002,0.05673234966739382,0.6080000000000002,0.1349871982489618,0.6080000000000002,0.2065063845854445,0.6080000000000002,0.301686971158144,0.6080000000000002,0.3998223748383682,0.6080000000000002,0.5986496839983144,0.6080000000000002,0.6979053169243929,0.6080000000000002,0.7968444213081775,0.6080000000000002,0.9915093297612108,0.6080000000000002,1.08391382696501,0.6080000000000002,1.167508498054679,0.6080000000000002,1.277164118929502,0.6080000000000002,1.307471519359158,0.6080000000000002,1.329609763947627
0.6186666666666669,0.05715365023404609,0.6186666666666669,0.1379018810800323,0.6186666666666669,0.2141383592252414,0.6186666666666669,0.3148859607793811,0.6186666666666669,0.4180598633065654,0.6186666666666669,0.6261326165141269,0.6186666666666669,0.7299598700839751,0.6186666666666669,0.833421321856371,0.6186666666666669,1.036302995672785,0.6186666666666669,1.131051297391252,0.6186666666666669,1.211665601461111,0.6186666666666669,1.304063232365121,0.6186666666666669,1.329770410862658,0.6186666666666669,1.348974962481937
0.6293333333333336,0.0575904283147257,0.6293333333333336,0.1410149371895613,0.6293333333333336,0.2219986213727768,0.6293333333333336,0.3279621930352892,0.6293333333333336,0.4359610493435807,0.6293333333333336,0.6530508070746825,0.6293333333333336,0.7613519515145676,0.6293333333333336,0.8692331792241049,0.6293333333333336,1.07990585996195,0.6293333333333336,1.17550247242936,0.6293333333333336,1.24848207236497,0.6293333333333336,1.326147342892568,0.6293333333333336,1.348511223413904,0.6293333333333336,1.365554508005946
0.6400000000000003,0.05804231910464264,0.6400000000000003,0.1443226527104894,0.6400000000000003,0.2299458195825766,0.6400000000000003,0.3408256165932378,0.6400000000000003,0.453447611433999,0.6400000000000003,0.6793159148831333,0.6400000000000003,0.7919796117451391,0.6400000000000003,0.9041642702191935,0.6400000000000003,1.122007120957232,0.6400000000000003,1.21527891447355,0.6400000000000003,1.278121018925686,0.6400000000000003,1.344654289003689,0.6400000000000003,1.364544433039398,0.6400000000000003,1.379959915677494
0.6506666666666671,0.05850877981358974,0.6506666666666671,0.1478099723599493,0.6506666666666671,0.2378622733565414,0.6506666666666671,0.3534042861758344,0.6506666666666671,0.4704558773589692,0.6506666666666671,0.7048467800945263,0.6506666666666671,0.8217489632800589,0.6506666666666671,0.9381075039523546,0.6506666666666671,1.162011547204354,0.6506666666666671,1.24863603702855,0.6506666666666671,1.302169670000217,0.6506666666666671,1.360436845446954,0.6506666666666671,1.378457466817253,0.6506666666666671,1.392619352418101
0.6613333333333338,0.05898903891531612,0.6613333333333338,0.1514472885707787,0.6613333333333338,0.2456577111925337,0.6613333333333338,0.3656382103705614,0.6613333333333338,0.4869310388898247,0.6613333333333338,0.7295683441434765,0.6613333333333338,0.8505729856545287,0.6613333333333338,0.9709625103236081,0.6613333333333338,1.198734683075299,0.6613333333333338,1.275810939153715,0.6613333333333338,1.322022257542937,0.6613333333333338,1.374086184942884,0.6613333333333338,1.390663204025712,0.6613333333333338,1.403839499547749
0.6720000000000005,0.05948204532117786,0.6720000000000005,0.1551899567058027,0.6720000000000005,0.2532647227066479,0.6720000000000005,0.3774758491281456,0.6720000000000005,0.502824279952074,0.6720000000000005,0.7534111326095905,0.6720000000000005,0.8783709254643507,0.6720000000000005,1.002634000756839,0.6720000000000005,1.230710587588354,0.6720000000000005,1.298051178494903,0.6720000000000005,1.338688425691397,0.6720000000000005,1.386018909233207,0.6720000000000005,1.40145863723071,0.6720000000000005,1.413845652146104
0.6826666666666672,0.05998641506667957,0.6826666666666672,0.1589821026066635,0.6826666666666672,0.2606325034242843,0.6826666666666672,0.3888722881131207,0.6826666666666672,0.5180914503388708,0.6826666666666672,0.7763110083611203,0.6826666666666672,0.9050679748980125,0.6826666666666672,1.033029762875552,0.6826666666666672,1.257440618595422,0.6826666666666672,1.316496931379249,0.6826666666666672,1.352883689632394,0.6826666666666672,1.396535244034495,0.6826666666666672,1.411062858624961,0.6826666666666672,1.422807611576876
0.6933333333333339,0.06050037667895932,0.6933333333333339,0.1627639301352849,0.6933333333333339,0.2677217493684658,0.6933333333333339,0.3997883961881024,0.6933333333333339,0.5326924889964558,0.6933333333333339,0.7982091017830047,0.6933333333333339,0.9305951552786288,0.6933333333333339,1.062057697376452,0.6933333333333339,1.279543489955159,0.6933333333333339,1.332006574424281,0.6933333333333339,1.365116118455823,0.6933333333333339,1.405856938070724,0.6933333333333339,1.419641628573644,0.6933333333333339,1.43085656221678
0.7040000000000006,0.06102171877224222,0.7040000000000006,0.1664793403334602,0.7040000000000006,0.2745011896340916,0.7040000000000006,0.4101904149505335,0.7040000000000006,0.5465912368259302,0.7040000000000006,0.8190519122330516,0.7040000000000006,0.9548893966371544,0.7040000000000006,1.089621070454233,0.7040000000000006,1.297912646370015,0.7040000000000006,1.345205203711668,0.7040000000000006,1.375751459434906,0.7040000000000006,1.414151881296867,0.7040000000000006,1.427323443256814,0.7040000000000006,1.438096252637403
0.7146666666666673,0.06154774586809891,0.7146666666666673,0.1700808486422016,0.7146666666666673,0.2809454410843323,0.7146666666666673,0.4200496356515432,0.7146666666666673,0.5597554954535104,0.7146666666666673,0.8387916026281375,0.7146666666666673,0.9778938354063461,0.7146666666666673,1.115610991868131,0.7146666666666673,1.31331713571456,0.7146666666666673,1.356546688622897,0.7146666666666673,1.385058233858143,0.7146666666666673,1.421550269074622,0.7146666666666673,1.434210231373373,0.7146666666666673,1.444610555469812
0.7253333333333341,0.06207525119581479,0.7253333333333341,0.1735310923809346,0.7253333333333341,0.287033778115363,0.7253333333333341,0.4293421045199695,0.7253333333333341,0.5721572847420878,0.7253333333333341,0.8573864943662268,0.7253333333333341,0.9995583755308339,0.7253333333333341,1.139896163684317,0.7253333333333341,1.326352631717742,0.7253333333333341,1.366363939813884,0.7253333333333341,1.393238006015165,0.7253333333333341,1.428155410849437,0.7253333333333341,1.440384634046032,0.7253333333333341,1.450468700601414
0.7360000000000008,0.06260051807447803,0.7360000000000008,0.17680207824382,0.7360000000000008,0.2927495129986846,0.7360000000000008,0.4380484704213883,0.7360000000000008,0.5837732938262721,0.7360000000000008,0.8748018128946828,0.7360000000000008,1.019840568880993,0.7360000000000008,1.162315105660526,0.7360000000000008,1.337468596324736,0.7360000000000008,1.374905324113694,0.7360000000000008,1.40044561950992,0.7360000000000008,1.434051128321618,0.7360000000000008,1.445915089408694,0.7360000000000008,1.455728998364589
0.7466666666666675,0.06311936374231601,0.7466666666666675,0.1798736181810603,0.7466666666666675,0.298079792799325,0.7466666666666675,0.4461540829604545,0.7466666666666675,0.5945855364224067,0.7466666666666675,0.8910107164223865,0.7466666666666675,1.038706873897869,0.7466666666666675,1.182687199821745,0.7466666666666675,1.347003557921146,0.7466666666666675,1.382360004323161,0.7466666666666675,1.406802877499309,0.7466666666666675,1.439306962919219,0.7466666666666675,1.45085949383889,0.7466666666666675,1.460441575985063
0.7573333333333342,0.06362723998086381,0.7573333333333342,0.1827318515453381,0.7573333333333342,0.3030156943151577,0.7573333333333342,0.4536493727329073,0.7573333333333342,0.6045822197216053,0.7573333333333342,0.9059956321981053,0.7573333333333342,1.056134338238963,0.7573333333333342,1.20086152050583,0.7573333333333342,1.355215080496508,0.7573333333333342,1.38887542858635,0.7573333333333342,1.412407982134758,0.7573333333333342,1.443981963333402,0.7573333333333342,1.455267933879637,0.7573333333333342,1.464650467123785
0.7680000000000009,0.06411940189654379,0.7680000000000009,0.1853681853813518,0.7680000000000009,0.3075525375493121,0.7680000000000009,0.4605304840868253,0.7680000000000009,0.613758816467216,0.7680000000000009,0.9197498871357888,0.7680000000000009,1.072112707865721,0.7680000000000009,1.216786619373861,0.7680000000000009,1.362302584286901,0.7680000000000009,1.394569508069791,0.7680000000000009,1.417342222876997,0.7680000000000009,1.448127541873563,0.7680000000000009,1.459184805529546,0.7680000000000009,1.468395274451889
0.7786666666666676,0.06459114798992248,0.7786666666666676,0.1877786673736491,0.7786666666666676,0.3116903464971582,0.7786666666666676,0.4668000883049884,0.7786666666666676,0.6221192868558804,0.7786666666666676,0.9322795540581418,0.7786666666666676,1.086646873491347,0.7786666666666676,1.230542366044523,0.7786666666666676,1.368424063350027,0.7786666666666676,1.39953924497208,0.7786666666666676,1.42167485245437,0.7786666666666676,1.451789703171487,0.7786666666666676,1.462650516650403,0.7786666666666676,1.471712539838654
0.7893333333333343,0.06503812022022458,0.7893333333333343,0.1899636782103435,0.7893333333333343,0.31543436872956,0.7893333333333343,0.4724682586418196,0.7893333333333343,0.6296773267636555,0.7893333333333343,0.94360532857584,0.7893333333333343,1.099759412644048,0.7893333333333343,1.242309630176294,0.7893333333333343,1.373708183035073,0.7893333333333343,1.403866955747712,0.7893333333333343,1.425466722406819,0.7893333333333343,1.455010817481401,0.7893333333333343,1.465702877173346,0.7893333333333343,1.474636888282417
0.800000000000001,0.06545663347894029,0.800000000000001,0.1919277897113542,0.800000000000001,0.3187955297980523,0.800000000000001,0.4775532283103827,0.800000000000001,0.6364574266791639,0.800000000000001,0.9537641136506463,0.800000000000001,1.111492783466751,0.800000000000001,1.252316268420286,0.800000000000001,1.378262982785515,0.800000000000001,1.407624789390576,0.800000000000001,1.428772999739636,0.800000000000001,1.45783101054412,0.800000000000001,1.468378207247923,0.800000000000001,1.477201951992588
0.8106666666666678,0.06584398460718024,0.8106666666666678,0.1936796262407331,0.8106666666666678,0.3217906601602018,0.8106666666666678,0.48208179222241,0.8106666666666678,0.6424954363388633,0.8106666666666678,0.9628098558310905,0.8106666666666678,1.121910535597372,0.8106666666666678,1.26079696652788,0.8106666666666678,1.382182033529034,0.8106666666666678,1.410877934568998,0.8106666666666678,1.431645115328203,0.8106666666666678,1.460289166492999,0.8106666666666678,1.470712134622021,0.8106666666666678,1.479441031955121
0.8213333333333345,0.06619868016490807,0.8213333333333345,0.195231577764853,0.8213333333333345,0.3244423177449904,0.8213333333333345,0.4860890900098846,0.8213333333333345,0.6478382932637493,0.8213333333333345,0.9708131233115982,0.8213333333333345,1.131096840616756,0.8213333333333345,1.267973299337765,0.8213333333333345,1.385548592847555,0.8213333333333345,1.413686719988702,0.8213333333333345,1.434131993375691,0.8213333333333345,1.462423497803784,0.8213333333333345,1.472740020270822,0.8213333333333345,1.481387428036066
0.8320000000000012,0.06652052844407352,0.8320000000000012,0.1965992532914841,0.8320000000000012,0.3267780701759668,0.8320000000000012,0.4896175684416111,0.8320000000000012,0.6525426507385923,0.8320000000000012,0.9778590330064827,0.8320000000000012,1.139153837416267,0.8320000000000012,1.274046401188229,0.8320000000000012,1.388438124956552,0.8320000000000012,1.416107732994618,0.8320000000000012,1.436280584777257,0.8320000000000012,1.464271642251126,0.8320000000000012,1.474496962226722,0.8320000000000012,1.483074382246765
0.8426666666666679,0.06681056839907897,0.8426666666666679,0.1978006412686614,0.8426666666666679,0.3288292132732269,0.8426666666666679,0.4927150899792995,0.8426666666666679,0.656672363600417,0.8426666666666679,0.9840434680794343,0.8426666666666679,1.146196774966331,0.8426666666666679,1.279195196726756,0.8426666666666679,1.390919510511464,0.8426666666666679,1.4181941023193,0.8426666666666679,1.438135775605267,0.8426666666666679,1.465870307967581,0.8426666666666679,1.476017389356292,0.8426666666666679,1.484534641287603
0.8533333333333346,0.06707084950540428,0.8533333333333346,0.1988550450801106,0.8533333333333346,0.3306290624047455,0.8533333333333346,0.4954323942043602,0.8533333333333346,0.6602951089904951,0.8533333333333346,0.9894680042554546,0.8533333333333346,1.152347575549055,0.8533333333333346,1.28357651833511,0.8533333333333346,1.393055319783361,0.8533333333333346,1.419995174912437,0.8533333333333346,1.439739837571904,0.8533333333333346,1.467254584187138,0.8533333333333346,1.477334351358287,0.8533333333333346,1.485799736927004
0.8640000000000013,0.0673041155044701,0.8640000000000013,0.1997819483425644,0.8640000000000013,0.3322110929406106,0.8640000000000013,0.4978203284740549,0.8640000000000013,0.6634786980157157,0.8640000000000013,0.9942343792600895,0.8640000000000013,1.157727944989234,0.8640000000000013,1.28732576887434,0.8640000000000013,1.394901579152008,0.8640000000000013,1.421555896012998,0.8640000000000013,1.441131672608296,0.8640000000000013,1.468457119117661,0.8640000000000013,1.478478693163445,0.8640000000000013,1.486899162757847
0.874666666666668,0.06751346414329701,0.874666666666668,0.2005999944837602,0.874666666666668,0.3336072525368507,0.874666666666668,0.4999273337018491,0.874666666666668,0.6662877265791943,0.874666666666668,0.9984394761430446,0.874666666666668,1.162453260908962,0.874666666666668,1.290557899319926,0.874666666666668,1.396507444839693,0.874666666666668,1.422916209504689,0.874666666666668,1.442346120481431,0.874666666666668,1.469507387863442,0.874666666666668,1.47947832385449,0.874666666666668,1.487859647894958
0.8853333333333347,0.06770204760736225,0.8853333333333347,0.2013262248957553,0.8853333333333347,0.3348466972788411,0.8853333333333347,0.5017975645658159,0.8853333333333347,0.6687810713221916,0.8853333333333347,1.00217157670503,0.8853333333333347,1.16662813488427,0.8853333333333347,1.293368798648043,0.8853333333333347,1.397915083997328,0.8853333333333347,1.424110711963024,0.8853333333333347,1.443413529334973,0.8853333333333347,1.470431217584641,0.8853333333333347,1.480357738027635,0.8853333333333347,1.488704678562178
0.8960000000000015,0.06787285213326212,0.8960000000000015,0.2019756360206738,0.8960000000000015,0.3359550593592779,0.8960000000000015,0.503469806187536,0.8960000000000015,0.6710104468693772,0.8960000000000015,1.005508206774789,0.8960000000000015,1.170343973553967,0.8960000000000015,1.295837137320824,0.8960000000000015,1.399159894842853,0.8960000000000015,1.425168657320478,0.8960000000000015,1.444359669669365,0.8960000000000015,1.471250635369257,0.8960000000000015,1.481137850989686,0.8960000000000015,1.489454325934917
0.9066666666666682,0.06802856547439068,0.9066666666666682,0.2025610323125321,0.9066666666666682,0.3369542107795797,0.9066666666666682,0.5049771339443485,0.9066666666666682,0.6730199533859055,0.9066666666666682,1.008515465228428,0.9066666666666682,1.173678341332162,0.9066666666666682,1.298026553738612,0.9066666666666682,1.400271046069862,0.9066666666666682,1.426114283102687,0.9066666666666682,1.445205960481433,0.9066666666666682,1.471984007723398,0.9066666666666682,1.481836117216472,0.9066666666666682,1.490125350179224
0.9173333333333349,0.06817151951260395,0.9173333333333349,0.203093100773598,0.9173333333333349,0.337862399279157,0.9173333333333349,0.5063471303646621,0.9173333333333349,0.6748463665043262,0.9173333333333349,1.011248464259052,0.9173333333333349,1.176695631480621,0.9173333333333349,1.299987979185856,0.9173333333333349,1.401272228572032,0.9173333333333349,1.4269673563547,0.9173333333333349,1.44596991138041,0.9173333333333349,1.472646384218487,0.9173333333333349,1.482466847726823,0.9173333333333349,1.490731498864174
0.9280000000000016,0.0683036860918851,0.9280000000000016,0.2035806196029133,0.9280000000000016,0.3386946094224604,0.9280000000000016,0.5076024381545222,0.9280000000000016,0.6765198751353071,0.9280000000000016,1.013752439326583,0.9280000000000016,1.179448496569371,0.9280000000000016,1.301761894986688,0.9280000000000016,1.402182493227994,0.9280000000000016,1.42774382214605,0.9280000000000016,1.446665671204408,0.9280000000000016,1.473249946385456,0.9280000000000016,1.483041631105926,0.9280000000000016,1.491283907408248
0.9386666666666683,0.06842670436761707,0.9386666666666683,0.2040307263629684,0.9386666666666683,0.3394630230285576,0.9386666666666683,0.5087614604562331,0.9386666666666683,0.6780650153934444,0.9386666666666683,1.016064151635224,0.9386666666666683,1.181979586233067,0.9386666666666683,1.303380373189278,0.9386666666666683,1.403017072389505,0.9386666666666683,1.428456459389457,0.9386666666666683,1.447304593826074,0.9386666666666683,1.473804480852367,0.9386666666666683,1.483569780063107,0.9386666666666683,1.491791525774719
0.949333333333335,0.06854192285731038,0.949333333333335,0.2044491940749299,0.949333333333335,0.340177491845301,0.949333333333335,0.5098390777103936,0.949333333333335,0.6795016265392437,0.949333333333335,1.018213322539158,0.949333333333335,1.184323289260605,0.949333333333335,1.304868824824988,0.949333333333335,1.40378812138502,0.949333333333335,1.429115483330076,0.949333333333335,1.447895763620696,0.949333333333335,1.474317823941919,0.949333333333335,1.484058752460972,0.949333333333335,1.492261521761744
0.9600000000000017,0.06865044520039919,0.9600000000000017,0.2048406857204081,0.9600000000000017,0.3408459726552982,0.9600000000000017,0.510847306563572,0.9600000000000017,0.6808457295768838,0.9600000000000017,1.020223951289042,0.9600000000000017,1.186507313299567,0.9600000000000017,1.306247439533238,0.9600000000000017,1.404505351359409,0.9600000000000017,1.429729065508694,0.9600000000000017,1.448446452030582,0.9600000000000017,1.474796250773611,0.9600000000000017,1.484514520549768,0.9600000000000017,1.492699635213448
0.9706666666666685,0.06875317347377698,0.9706666666666685,0.2052089740157451,0.9706666666666685,0.3414749027281784,0.9706666666666685,0.5117958679275816,0.9706666666666685,0.6821102846812831,0.9706666666666685,1.022115450697643,0.9706666666666685,1.188554033426687,0.9706666666666685,1.307532338056178,0.9706666666666685,1.405176549058958,0.9706666666666685,1.430303764074317,0.9706666666666685,1.448962497124385,0.9706666666666685,1.475244800302253,0.9706666666666685,1.484941879831624,0.9706666666666685,1.493110474614901
0.9813333333333352,0.06885084624338952,0.9813333333333352,0.2055571235507112,0.9813333333333352,0.3420695108400115,0.9813333333333352,0.5126926572726743,0.9813333333333352,0.6833058182501827,0.9813333333333352,1.02390358711833,0.9813333333333352,1.190481600158968,0.9813333333333352,1.308736477192952,0.9813333333333352,1.405807992810161,0.9813333333333352,1.43084487001131,0.9813333333333352,1.449448609962802,0.9813333333333352,1.475667538561389,0.9813333333333352,1.485344699442641,0.9813333333333352,1.493497757695392
0.9920000000000019,0.06894407053476437,0.9920000000000019,0.2058876378064333,0.9920000000000019,0.3426340682515255,0.9920000000000019,0.5135441239749791,0.9920000000000019,0.6844409286863544,0.9920000000000019,1.025601238507007,0.9920000000000019,1.192304827742824,0.9920000000000019,1.309870351545398,0.9920000000000019,1.406404779781776,0.9920000000000019,1.431356680597613,0.9920000000000019,1.449908617132236,0.9920000000000019,1.476067767561284,0.9920000000000019,1.485726120977647,0.9920000000000019,1.493864502580651
1.002666666666669,0.06903334796023196,1.002666666666669,0.2062025758617935,1.002666666666669,0.3431720879056498,1.002666666666669,0.5143555723082012,1.002666666666669,0.6855226877025844,1.002666666666669,1.027218995813105,1.002666666666669,1.194035895414189,1.002666666666669,1.310942533725162,1.002666666666669,1.406971080733967,1.002666666666669,1.4318427128955,1.002666666666669,1.450345650413319,1.002666666666669,1.476448188934867,1.002666666666669,1.48608871431721,1.002666666666669,1.494213177655713
1.013333333333335,0.06911909570552277,1.013333333333335,0.2065036441151275,1.013333333333335,0.3436864809624849,1.013333333333335,0.5151313979182924,1.013333333333335,0.6865569556041294,1.013333333333335,1.028765635405268,1.013333333333335,1.195684896019527,1.013333333333335,1.311960088810411,1.013333333333335,1.407510337166695,1.013333333333335,1.432305869333692,1.013333333333335,1.450762294069157,1.013333333333335,1.476811031171504,1.013333333333335,1.486434598818976,1.013333333333335,1.494545818141566
1.024000000000002,0.06920166321364248,1.024000000000002,0.2067922679894895,1.024000000000002,0.3441796791644128,1.024000000000002,0.5158752726469986,1.024000000000002,0.6875486277045849,1.024000000000002,1.030248488270397,1.024000000000002,1.197260263275694,1.024000000000002,1.312928892199678,1.024000000000002,1.408025413539764,1.024000000000002,1.432748565764892,1.024000000000002,1.451160698856509,1.024000000000002,1.47715814818362,1.024000000000002,1.486765537219764,1.024000000000002,1.494864116430843
1.034666666666668,0.06928134537439726,1.034666666666668,0.2070696478843692,1.034666666666668,0.3446537303129533,1.034666666666668,0.5165902887239907,1.034666666666668,0.688501826568458,1.034666666666668,1.031673728022074,1.034666666666668,1.198769104092369,1.034666666666668,1.313853873830799,1.034666666666668,1.40851871484258,1.034666666666668,1.43317283049281,1.034666666666668,1.451542670245249,1.034666666666668,1.477491095611859,1.034666666666668,1.487083008334628,1.034666666666668,1.495169492026962
1.045333333333335,0.06935839292879971,1.045333333333335,0.2073368028623738,1.045333333333335,0.345110372813951,1.045333333333335,0.5172790713361438,1.045333333333335,0.6894200520920269,1.045333333333335,1.033046595728019,1.045333333333335,1.20021745734847,1.045333333333335,1.314739206491061,1.045333333333335,1.408992277613125,1.045333333333335,1.433580381002211,1.045333333333335,1.451909736801451,1.045333333333335,1.477811189985241,1.045333333333335,1.487388263420058,1.045333333333335,1.495463145764596
1.056000000000002,0.06943302067908295,1.056000000000002,0.2075946048450256,1.056000000000002,0.3455510940265624,1.056000000000002,0.5179438667327806,1.056000000000002,0.6903062989679105,1.056000000000002,1.034371575867581,1.056000000000002,1.201610495998637,1.056000000000002,1.315588451724719,1.056000000000002,1.409447840675251,1.056000000000002,1.433972683626311,1.056000000000002,1.452263203375703,1.056000000000002,1.478119554735604,1.056000000000002,1.487682370008902,1.056000000000002,1.495746101973257
1.066666666666668,0.06950541398114195,1.066666666666668,0.2078438054841595,1.066666666666668,0.3459771761137568,1.066666666666668,0.5185866114562352,1.066666666666668,0.691163148987359,1.066666666666668,1.035652534594108,1.066666666666668,1.202952685608379,1.066666666666668,1.316404673548125,1.066666666666668,1.409886900390871,1.066666666666668,1.434351000169466,1.066666666666668,1.452604192666319,1.066666666666668,1.478417156148339,1.066666666666668,1.487966246153027,1.066666666666668,1.496019241409036
1.077333333333335,0.06957573389682911,1.077333333333335,0.2080850573820856,1.077333333333335,0.3463897322497561,1.077333333333335,0.5192089870154868,1.077333333333335,0.6919928439352673,1.077333333333335,1.036892828913965,1.077333333333335,1.20424790936006,1.077333333333335,1.31719052764367,1.077333333333335,1.410310754063731,1.077333333333335,1.434716424538471,1.077333333333335,1.452933677874093,1.077333333333335,1.478704831598334,1.077333333333335,1.48824068731234,1.077333333333335,1.496283327108896
1.088000000000001,0.06964412130112489,1.088000000000001,0.2083189309438906,1.088000000000001,0.3467897353743466,1.088000000000001,0.5198124633075903,1.088000000000001,0.6927973434742944,1.088000000000001,1.038095393365009,1.088000000000001,1.205499567186559,1.088000000000001,1.317948331794353,1.088000000000001,1.410720534248326,1.088000000000001,1.435069911699279,1.088000000000001,1.453252508512213,1.088000000000001,1.478983311857833,1.088000000000001,1.488506387593526,1.088000000000001,1.496539024807511
1.098666666666668,0.06971070017304624,1.098666666666668,0.2085459278429267,1.098666666666668,0.3471780411681864,1.098666666666668,0.5203983333027391,1.098666666666668,0.6935783713812146,1.098666666666668,1.039262809261455,1.098666666666668,1.20671065490807,1.098666666666668,1.318680121918277,1.098666666666668,1.411117236060732,1.098666666666668,1.435412300726065,1.098666666666668,1.453561430946675,1.098666666666668,1.479253238840957,1.098666666666668,1.488763956639899,1.098666666666668,1.496786919169432
1.109333333333335,0.06977558024709873,1.109333333333335,0.208766491848522,1.109333333333335,0.3475554065272194,1.109333333333335,0.5209677409299288,1.109333333333335,0.6943374527281452,1.109333333333335,1.040397360384447,1.109333333333335,1.207883827842777,1.109333333333335,1.319387696981234,1.109333333333335,1.411501739073922,1.109333333333335,1.435744333277033,1.109333333333335,1.453861104857206,1.109333333333335,1.479515179816178,1.109333333333335,1.489013933155594,1.109333333333335,1.497027526783385
1.120000000000001,0.0698388591599928,1.120000000000001,0.2089810175828052,1.120000000000001,0.347922504503357,1.120000000000001,0.521521703635298,1.120000000000001,0.6950759439606239,1.120000000000001,1.041501078027633,1.120000000000001,1.209021452245017,1.120000000000001,1.320072655234386,1.120000000000001,1.411874824981494,1.120000000000001,1.436066668496141,1.120000000000001,1.454152116510076,1.120000000000001,1.479769638859368,1.120000000000001,1.489256795800976,1.120000000000001,1.49726130662795
1.130666666666668,0.0699006242094989,1.130666666666668,0.2091898576844668,1.130666666666668,0.3482799365270406,1.130666666666668,0.5220611308409835,1.130666666666668,0.6957950575071684,1.130666666666668,1.042575777848918,1.130666666666668,1.210125647367199,1.130666666666668,1.320736423775106,1.130666666666668,1.41223719200839,1.130666666666668,1.436379895168392,1.130666666666668,1.454434989582009,1.130666666666668,1.480017066188644,1.130666666666668,1.489492972070603,1.130666666666668,1.497488668597261
1.141333333333334,0.06996095377189911,1.141333333333334,0.2093933285983227,1.141333333333334,0.3486282422843978,1.141333333333334,0.5225868388637215,1.141333333333334,0.6964958816681753,1.141333333333334,1.043623089653642,1.141333333333334,1.211198319510216,1.141333333333334,1.321380282486339,1.141333333333334,1.412589466560342,1.141333333333334,1.436684541540243,1.141333333333334,1.454710193900727,1.141333333333334,1.480257865696634,1.141333333333334,1.489722845454595,1.141333333333334,1.497709980376303
1.152000000000001,0.07001991849930431,1.152000000000001,0.2095917154477245,1.152000000000001,0.3489679080299124,1.152000000000001,0.5230995634715622,1.152000000000001,0.6971793973560713,1.152000000000001,1.044644482461097,1.152000000000001,1.212241190639692,1.152000000000001,1.322005384079695,1.152000000000001,1.412932212989207,1.152000000000001,1.436981083552574,1.152000000000001,1.454978152772159,1.152000000000001,1.480492401262772,1.152000000000001,1.489946761438937,1.152000000000001,1.497925573200372
1.162666666666668,0.0700775822877054,1.162666666666668,0.2097852759943419,1.162666666666668,0.3492993733411878,1.162666666666668,0.523599970089156,1.162666666666668,0.6978464917007121,1.162666666666668,1.045641284878102,1.162666666666668,1.213255821712744,1.162666666666668,1.322612770462042,1.162666666666668,1.413265941545507,1.162666666666668,1.437269951540121,1.162666666666668,1.455239248939277,1.162666666666668,1.480721001882426,1.162666666666668,1.490165032379517,1.162666666666668,1.498135746532176
1.173333333333334,0.07013400308892201,1.173333333333334,0.2099742439603154,1.173333333333334,0.3496230367856917,1.173333333333334,0.5240886623611981,1.173333333333334,0.6984979694657785,1.173333333333334,1.04661470219448,1.173333333333334,1.214243632264683,1.173333333333334,1.323203386458371,1.173333333333334,1.413591115043555,1.173333333333334,1.437551535844988,1.173333333333334,1.455493829573866,1.173333333333334,1.480943965961489,1.173333333333334,1.490377941582253,1.173333333333334,1.498340771976307
1.184000000000001,0.07018923358475129,1.184000000000001,0.2101588317959203,1.184000000000001,0.3499392606410142,1.184000000000001,0.5245661892878549,1.184000000000001,0.6991345625614461,1.184000000000001,1.047565830628047,1.184000000000001,1.215205916768383,1.184000000000001,1.32377809127738,1.184000000000001,1.413908154420563,1.184000000000001,1.437826191496101,1.184000000000001,1.455742210435852,1.184000000000001,1.48116156489257,1.184000000000001,1.490585746699776,1.184000000000001,1.498540896537276
1.194666666666667,0.07024332174848229,1.194666666666667,0.2103392329945308,1.194666666666667,0.3502483748423157,1.194666666666667,0.5250330511945208,1.194666666666667,0.6997569380028438,1.194666666666667,1.048495669242781,1.194666666666667,1.216143858362615,1.194666666666667,1.324337668138935,1.194666666666667,1.414217443394935,1.194666666666667,1.438094242128054,1.194666666666667,1.455984679355032,1.194666666666667,1.481374046046481,1.194666666666667,1.490788682572079,1.194666666666667,1.498736345343574
1.205333333333334,0.07029631131219707,1.205333333333334,0.2105156240304062,1.205333333333334,0.3505506802857593,1.205333333333334,0.5254897047304445,1.205333333333334,0.7003657045737384,1.205333333333334,1.049405129928558,1.205333333333334,1.217058540395011,1.205333333333334,1.324882832378815,1.205333333333334,1.414519332377338,1.205333333333334,1.438355983268898,1.205333333333334,1.456221499150513,1.205333333333334,1.481581635278811,1.205333333333334,1.490986963605994,1.205333333333334,1.498927323928996
1.216000000000001,0.07034824215433834,1.216000000000001,0.2106881659787727,1.216000000000001,0.3508464515893012,1.216000000000001,0.525936567049314,1.216000000000001,0.7009614183995562,1.216000000000001,1.050295045748083,1.216000000000001,1.217950956130826,1.216000000000001,1.325414238279826,1.216000000000001,1.41481414175541,1.216000000000001,1.438611685098718,1.216000000000001,1.456452910078631,1.216000000000001,1.481784539029764,1.216000000000001,1.491180785767964,1.216000000000001,1.499114020142645
1.226666666666667,0.07039915061897199,1.226666666666667,0.2108570058653853,1.226666666666667,0.3511359393911833,1.226666666666667,0.5263740192933019,1.226666666666667,0.7015445875916209,1.226666666666667,1.051166177893803,1.226666666666667,1.218822016907781,1.226666666666667,1.325932484827404,1.226666666666667,1.41510216464809,1.226666666666667,1.438861594759915,1.226666666666667,1.456679131881303,1.226666666666667,1.481982946079339,1.226666666666667,1.491370328249076,1.226666666666667,1.499296605744391
1.237333333333334,0.07044906977747623,1.237333333333334,0.2110222777885771,1.237333333333334,0.351419372259572,1.237333333333334,0.5268024094914276,1.237333333333334,0.7021156761103833,1.237333333333334,1.052019221475783,1.237333333333334,1.219672558988249,1.237333333333334,1.326438120564967,1.237333333333334,1.41538366921546,1.237333333333334,1.439105938291685,1.237333333333334,1.456900365499396,1.237333333333334,1.482177029013586,1.237333333333334,1.49155575485544,1.237333333333334,1.499475237736626
1.248,0.0704980296371128,1.248,0.2111841038347092,1.248,0.3516969582487043,1.248,0.5272220549258199,1.248,0.702675106919101,1.248,1.05285481024787,1.248,1.22050334924112,1.248,1.326931647648367,1.248,1.415658900569768,1.248,1.439344922226658,1.248,1.457116794484666,1.248,1.482366945430578,1.248,1.491737215151006,1.248,1.499650059458383
1.258666666666667,0.07054605726906174,1.258666666666667,0.2113425947017895,1.258666666666667,0.3519688859552338,1.258666666666667,0.5276332437441471,1.258666666666667,0.7032232641322177,1.258666666666667,1.053673519830832,1.258666666666667,1.221315089239545,1.258666666666667,1.32741352487077,1.258666666666667,1.415928082151637,1.258666666666667,1.439578734730094,1.258666666666667,1.457328586001123,1.258666666666667,1.482552838789579,1.258666666666667,1.491914845260444,1.258666666666667,1.499821201352631
1.269333333333334,0.07059317693635417,1.269333333333334,0.211497850301526,1.269333333333334,0.3522353255381264,1.269333333333334,0.528036236518449,1.269333333333334,0.7037604950919362,1.269333333333334,1.054475870827094,1.269333333333334,1.222108419181556,1.269333333333334,1.327884170508018,1.269333333333334,1.416191417038221,1.269333333333334,1.439807546685745,1.269333333333334,1.457535891781122,1.269333333333334,1.482734839223377,1.269333333333334,1.49208876863763,1.269333333333334,1.499988781701003
1.28,0.07063941016226753,1.28,0.2116499601464973,1.28,0.3524964293695271,1.28,0.528431267248866,1.28,0.7042871117042901,1.28,1.055262330828527,1.28,1.222883920653379,1.28,1.328343964413017,1.28,1.416449088859778,1.28,1.4400315124465,1.28,1.457738848780439,1.28,1.482913064088922,1.28,1.492259096584746,1.28,1.500152907118765
1.290666666666667,0.07068477573903946,1.290666666666667,0.2117990035256605,1.290666666666667,0.352752332320647,1.290666666666667,0.5288185438196458,1.290666666666667,0.704803391044414,1.290666666666667,1.056033315332157,1.290666666666667,1.223642118271359,1.290666666666667,1.328793249390766,1.290666666666667,1.416701262336053,1.290666666666667,1.440250770258605,1.290666666666667,1.457937579539753,1.290666666666667,1.483087618262172,1.290666666666667,1.492425928527551,1.290666666666667,1.500313672815241
1.301333333333333,0.0707292896909428,1.301333333333333,0.2119450495175046,1.301333333333333,0.3530031517677856,1.301333333333333,0.5291982480345014,1.301333333333333,0.7053095754002031,1.301333333333333,1.056789187816764,1.301333333333333,1.224383480470103,1.301333333333333,1.329232332021264,1.301333333333333,1.41694808352089,1.301333333333333,1.440465442435436,1.301333333333333,1.458132192320768,1.301333333333333,1.483258594236636,1.301333333333333,1.492589352103428,1.301333333333333,1.500471162674153
1.312,0.07077296518287536,1.312,0.2120881568142441,1.312,0.3532489872731762,1.312,0.5295705351613267,1.312,0.7058058716607792,1.312,1.057530258840967,1.312,1.22510841931523,1.312,1.329661482865171,1.312,1.417189679714108,1.312,1.440675635244354,1.312,1.458322780983562,1.312,1.4834260719958,1.312,1.492749443033677,1.312,1.500625449126288
1.322666666666667,0.07081581236726348,1.322666666666667,0.2122283733358325,1.322666666666667,0.3534899199031452,1.322666666666667,0.5299355329297194,1.322666666666667,0.7062924499739905,1.322666666666667,1.058256784049805,1.322666666666667,1.22581728924663,1.322666666666667,1.330080936002334,1.322666666666667,1.417426159008295,1.322666666666667,1.440881438477728,1.322666666666667,1.458509424578551,1.322666666666667,1.483590118635639,1.322666666666667,1.492906264757165,1.322666666666667,1.50077659279234
1.333333333333333,0.07085783816272564,1.333333333333333,0.2123657356145207,1.333333333333333,0.3537260111493305,1.333333333333333,0.5302933399299162,1.333333333333333,0.7067694416038843,1.333333333333333,1.058968960987268,1.333333333333333,1.226510384669547,1.333333333333333,1.330490887859439,1.333333333333333,1.417657609441558,1.333333333333333,1.441082924682224,1.333333333333333,1.45869218662903,1.333333333333333,1.483750787715724,1.333333333333333,1.493059867804621,1.333333333333333,1.500924641875901
1.344,0.0708990459672206,1.344,0.2125002679608721,1.344,0.3539573014707679,1.344,0.5306440234395517,1.344,0.7072369360225144,1.344,1.059666924766194,1.344,1.227187936460696,1.344,1.330891495370915,1.344,1.417884097777241,1.344,1.441280148063862,1.344,1.458871114119929,1.344,1.483908118352189,1.344,1.493210288926234,1.344,1.501069631318675
1.354666666666666,0.07093943536320736,1.354666666666666,0.2126319816003567,1.354666666666666,0.3541838087812537,1.354666666666666,0.5309876171703271,1.354666666666666,0.7076949778909237,1.354666666666666,1.060350743573563,1.354666666666666,1.227850108350387,1.354666666666666,1.33128287404445,1.354666666666666,1.418105668230773,1.354666666666666,1.441473143347154,1.354666666666666,1.459046236444896,1.354666666666666,1.48406213427404,1.354666666666666,1.493357550184145,1.354666666666666,1.50121158192185
1.365333333333333,0.07097900219266454,1.365333333333333,0.2127608750106499,1.365333333333333,0.3544055289981472,1.365333333333333,0.5313241221489636,1.365333333333333,0.7081435682126714,1.365333333333333,1.061020420405321,1.365333333333333,1.22849699934736,1.365333333333333,1.331665099575798,1.365333333333333,1.418322343211111,1.365333333333333,1.441661926389937,1.365333333333333,1.459217565946887,1.365333333333333,1.484212844281319,1.365333333333333,1.493501659385414,1.365333333333333,1.501350500759677
1.376,0.07101774073727839,1.376,0.2128869410953693,1.376,0.3546224483552064,1.376,0.5316535254870511,1.376,0.7085826893261037,1.376,1.061675930385322,1.376,1.229128680352879,1.376,1.332038229631085,1.376,1.418534135533957,1.376,1.441846504800263,1.376,1.459385107540127,1.376,1.484360250695617,1.376,1.493642618158487,1.376,1.501486388962089
1.386666666666666,0.07105564135468934,1.386666666666666,0.2130101595418608,1.386666666666666,0.3548345302311589,1.386666666666666,0.5319757805146526,1.386666666666666,0.7090122783784163,1.386666666666666,1.062317181173338,1.386666666666666,1.229745156383781,1.386666666666666,1.332402281651573,1.386666666666666,1.418741035727308,1.386666666666666,1.442026866855912,1.386666666666666,1.459548848642763,1.386666666666666,1.484504340493152,1.386666666666666,1.493780413471306,1.386666666666666,1.501619233535878
1.397333333333333,0.07109267122129133,1.397333333333333,0.2131304343721961,1.397333333333333,0.3550416075781566,1.397333333333333,0.5322906432981365,1.397333333333333,0.7094320093347425,1.397333333333333,1.062943687602002,1.397333333333333,1.230346055529998,1.397333333333333,1.33275704936253,1.397333333333333,1.418942907412844,1.397333333333333,1.442202890244163,1.397333333333333,1.459708676292518,1.397333333333333,1.484645012333187,1.397333333333333,1.493914947837213,1.397333333333333,1.501748940070526
1.407999999999999,0.07112878751143946,1.407999999999999,0.2132476370301968,1.407999999999999,0.3552434569345774,1.407999999999999,0.5325977848631132,1.407999999999999,0.709841442503001,1.407999999999999,1.063554794932609,1.407999999999999,1.230930846489197,1.407999999999999,1.333102231462516,1.407999999999999,1.419139559914392,1.407999999999999,1.442374405261447,1.407999999999999,1.459864434468213,1.407999999999999,1.484782126945273,1.407999999999999,1.494046087484694,1.407999999999999,1.501875379165089
1.418666666666666,0.07116393946492752,1.418666666666666,0.2133616131895881,1.418666666666666,0.355439810060503,1.418666666666666,0.5328968088607619,1.418666666666666,0.7102400479758593,1.418666666666666,1.064149713873185,1.418666666666666,1.231498873472021,1.418666666666666,1.333437452330298,1.418666666666666,1.419330759801378,1.418666666666666,1.442541204835461,1.418666666666666,1.460015933165244,1.418666666666666,1.484915515092101,1.418666666666666,1.494173669965404,1.418666666666666,1.501998393757675
1.429333333333333,0.07119806083221636,1.429333333333333,0.2134721583526605,1.429333333333333,0.3556303118001936,1.429333333333333,0.5331871873356856,1.429333333333333,0.7106271198695711,1.429333333333333,1.064727392610073,1.429333333333333,1.232049235392011,1.429333333333333,1.333762190812967,1.429333333333333,1.419516190027567,1.429333333333333,1.442703008834249,1.429333333333333,1.460162915953662,1.429333333333333,1.48504494898028,1.429333333333333,1.494297476801669,1.429333333333333,1.502117772746571
1.439999999999999,0.07123106360918349,1.439999999999999,0.2135789977151085,1.439999999999999,0.3558144852213928,1.439999999999999,0.5334682072350638,1.439999999999999,0.7110017048822439,1.439999999999999,1.065286410241571,1.439999999999999,1.232580686781526,1.439999999999999,1.33407572187954,1.439999999999999,1.419695416189275,1.439999999999999,1.442859434546721,1.439999999999999,1.460305033119064,1.439999999999999,1.485170118563653,1.439999999999999,1.494417210806744,1.439999999999999,1.502233229111727
1.450666666666666,0.07126283039097249,1.450666666666666,0.2136817616194044,1.450666666666666,0.3559916890827833,1.450666666666666,0.5337389046964923,1.450666666666666,0.7113625146675854,1.450666666666666,1.065824846085557,1.450666666666666,1.233091516789711,1.450666666666666,1.334377045361212,1.450666666666666,1.419867845234749,1.450666666666666,1.44300996054435,1.450666666666666,1.460441808772902,1.450666666666666,1.485290602517531,1.450666666666666,1.494532468302137,1.450666666666666,1.502344373111661
1.461333333333332,0.07129320392307781,1.461333333333332,0.2137799520024965,1.461333333333332,0.3561610596932372,1.461333333333332,0.5339979744890713,1.461333333333332,0.7117078055044912,1.461333333333332,1.066340100215982,1.461333333333332,1.233579383041575,1.461333333333332,1.334664788079447,1.461333333333332,1.420032668761053,1.461333333333332,1.443153877054862,1.461333333333332,1.460572595687895,1.461333333333332,1.485405828380754,1.461333333333332,1.494642700966835,1.461333333333332,1.50245067547795
1.471999999999999,0.07132197278242527,1.471999999999999,0.2138728964030849,1.471999999999999,0.3563214312157312,1.471999999999999,0.5342436444668217,1.471999999999999,0.712035212465766,1.471999999999999,1.066828646146156,1.471999999999999,1.234041082606354,1.471999999999999,1.3349370688965,1.471999999999999,1.420188784852568,1.471999999999999,1.443290217559666,1.471999999999999,1.460696513047543,1.471999999999999,1.485515017621548,1.471999999999999,1.494747163256702,1.471999999999999,1.502551416689219
1.482666666666666,0.07134885261611931,1.482666666666666,0.2139596876899532,1.482666666666666,0.3564712312254112,1.482666666666666,0.5344735084156652,1.482666666666666,0.7123415304307085,1.482666666666666,1.067285704251219,1.482666666666666,1.234472249546623,1.482666666666666,1.335191320482642,1.482666666666666,1.420334694862978,1.482666666666666,1.443417668465408,1.482666666666666,1.460812364242942,1.482666666666666,1.485617113096971,1.482666666666666,1.494844842972151,1.482666666666666,1.502645619988033
1.493333333333332,0.07137346463688482,1.493333333333332,0.214039114981289,1.493333333333332,0.3566083609742031,1.493333333333332,0.5346843300485427,1.493333333333332,0.7126224594555366,1.493333333333332,1.067704862072871,1.493333333333332,1.234867003531994,1.493333333333332,1.335424082233861,1.493333333333332,1.420468383455904,1.493333333333332,1.443534464118714,1.493333333333332,1.460918541327744,1.493333333333332,1.485710694735194,1.493333333333332,1.494934380552213,1.493333333333332,1.502731973521075
1.503999999999999,0.07139532057126194,1.503999999999999,0.2141096153443637,1.503999999999999,0.356730111546403,1.503999999999999,0.5348718974520035,1.503999999999999,0.7128724169351188,1.503999999999999,1.068077794323244,1.503999999999999,1.23521769199642,1.503999999999999,1.33563084832718,1.503999999999999,1.420587230384374,1.503999999999999,1.443638309561872,1.503999999999999,1.461012954699143,1.503999999999999,1.485793917458784,1.503999999999999,1.495014009650693,1.503999999999999,1.502808773006278
1.514666666666665,0.07141384228887092,1.514666666666665,0.2141693370923785,1.514666666666665,0.3568332730365037,1.514666666666665,0.5350311755244535,1.514666666666665,0.7130847376210194,1.514666666666665,1.06839456151077,1.514666666666665,1.235515171968785,1.514666666666665,1.335806233889447,1.514666666666665,1.420688105865211,1.514666666666665,1.443726463843827,1.514666666666665,1.461093108827964,1.514666666666665,1.485864577924469,1.514666666666665,1.495081620989913,1.514666666666665,1.502873983314446
1.525333333333332,0.07142847558745148,1.525333333333332,0.2142165060032329,1.525333333333332,0.3569147678257505,1.525333333333332,0.5351572777111211,1.525333333333332,0.7132529482814369,1.525333333333332,1.068645511556696,1.525333333333332,1.235750585266895,1.525333333333332,1.335945021434926,1.525333333333332,1.420767974244997,1.525333333333332,1.443796267882321,1.525333333333332,1.461156582400328,1.525333333333332,1.485920537983917,1.525333333333332,1.495135167604774,1.525333333333332,1.502925629364382
1.535999999999999,0.07143894369135259,1.535999999999999,0.2142502408756271,1.535999999999999,0.3569730615474797,1.535999999999999,0.5352476637609114,1.535999999999999,0.7133736660221253,1.535999999999999,1.068825603011759,1.535999999999999,1.235919384138336,1.535999999999999,1.336044533767828,1.535999999999999,1.420825264497283,1.535999999999999,1.443846343155806,1.535999999999999,1.461202118809376,1.535999999999999,1.485960686610962,1.535999999999999,1.495173585439427,1.535999999999999,1.502962684160469
1.546666666666665,0.07144559534413218,1.546666666666665,0.2142716733207572,1.546666666666665,0.3570101008039467,1.546666666666665,0.5353051934172406,1.546666666666665,0.7134506461900595,1.546666666666665,1.068940442822239,1.546666666666665,1.236026962926772,1.546666666666665,1.336107953767317,1.546666666666665,1.420861785924596,1.546666666666665,1.443878266952501,1.546666666666665,1.461231150016533,1.546666666666665,1.485986283930925,1.546666666666665,1.495198079576064,1.546666666666665,1.502986309491659
1.557333333333332,0.07144931827750205,1.557333333333332,0.2142836679263847,1.557333333333332,0.3570308311190522,1.557333333333332,0.535337427592672,1.557333333333332,0.7134938962667713,1.557333333333332,1.069004962958498,1.557333333333332,1.236087383478501,1.557333333333332,1.33614357258991,1.557333333333332,1.420882300897162,1.557333333333332,1.443896199917078,1.557333333333332,1.461247458425983,1.557333333333332,1.48600066368194,1.557333333333332,1.495211839696466,1.557333333333332,1.502999581617859
1.567999999999999,0.07145117770171878,1.567999999999999,0.2142896583438453,1.567999999999999,0.3570411847561731,1.567999999999999,0.5353535453794817,1.567999999999999,0.713515579667784,1.567999999999999,1.069037309834248,1.567999999999999,1.236117668331852,1.567999999999999,1.336161425836132,1.567999999999999,1.420892584726983,1.567999999999999,1.4439051896241,1.567999999999999,1.461255633863118,1.567999999999999,1.486007872392608,1.567999999999999,1.495218737814116,1.567999999999999,1.503006235123322
1.578666666666665,0.07145202577793262,1.578666666666665,0.2142923904822059,1.578666666666665,0.3570459069785605,1.578666666666665,0.5353608987826782,1.578666666666665,0.7135255033908068,1.578666666666665,1.06905211372069,1.578666666666665,1.236131527179518,1.578666666666665,1.336169595746764,1.578666666666665,1.420897290974613,1.578666666666665,1.443909303673307,1.578666666666665,1.461259375291597,1.578666666666665,1.486011171427921,1.578666666666665,1.495221894714434,1.578666666666665,1.503009280082585
1.589333333333332,0.07145240933183665,1.589333333333332,0.2142936261146146,1.589333333333332,0.3570480426600928,1.589333333333332,0.5353642246672101,1.589333333333332,0.7135300037700255,1.589333333333332,1.069058827110811,1.589333333333332,1.236137811898417,1.589333333333332,1.336173300638122,1.589333333333332,1.420899425178987,1.589333333333332,1.44391116932823,1.589333333333332,1.461261071970465,1.589333333333332,1.486012667489862,1.589333333333332,1.495223326320737,1.589333333333332,1.503010660925614
1.6,0.07145259774489525,1.6,0.2142942330903789,1.6,0.3570490917681243,1.6,0.5353658585998164,1.6,0.7135322190602323,1.6,1.069062131622934,1.6,1.236140905326165,1.6,1.336175124235455,1.6,1.420900475675289,1.6,1.443912087641484,1.6,1.461261907111469,1.6,1.486013403884186,1.6,1.495224030988938,1.6,1.503011340607268
