Signal,Mean_X,Variance_X,Slope_X,Mean_Y,Variance_Y,Slope_Y
24,310000000.0,22222222222222.355,6666666.666666687,-0.000101366709395,3.484379941403236e-12,2.639840882099993e-06
25,323333333.3333334,22222222222222.355,6666666.666666687,-9.620313230758617e-05,3.1858820315797938e-12,2.524235342268939e-06
20,256666666.66666657,22222222222222.555,6666666.666666716,-0.0001244099891077,4.866388922400588e-12,3.119740028399991e-06
21,269999999.9999999,22222222222222.355,6666666.666666687,-0.0001182873652519,4.506209876788059e-12,3.002069245300001e-06
26,336666666.66666675,22222222222222.76,6666666.666666746,-9.126659323280448e-05,2.910935134360649e-12,2.4128552108904707e-06
7,83333333.33333334,22222222222222.258,6666666.666666672,-6.251091298283313e-05,7.893636289250841e-10,-3.973320095147342e-05
27,350000000.0,22222222222222.355,6666666.666666687,-8.654833986960727e-05,2.658739652054276e-12,2.305966024057716e-06
22,283333333.33333325,22222222222222.76,6666666.666666746,-0.0001124045736018,4.1487275198302484e-12,2.8805303399999968e-06
6,70000000.0,22222222222222.258,6666666.666666672,4.802407071427488e-05,2.6838718942731924e-09,-7.326488782866174e-05
15,190000000.0,22222222222222.555,6666666.666666716,-0.0001572669844092,5.153138865771799e-12,3.210339192599997e-06
16,203333333.33333325,22222222222222.355,6666666.666666687,-0.0001506966815028,5.5846011559694266e-12,3.342035653900008e-06
14,176666666.66666666,22222222222222.355,6666666.666666687,-0.0001633977935028,4.1779715756525824e-12,2.890664828600017e-06
31,403333333.3333336,22222222222222.76,6666666.666666746,-6.967912810167118e-05,1.848172023242536e-12,1.922587851434901e-06
32,416666666.666667,22222222222222.355,6666666.666666687,-6.592000927366166e-05,1.6873014015892669e-12,1.837009200624356e-06
28,363333333.3333335,22222222222222.355,6666666.666666687,-8.203932762717678e-05,2.427947704148001e-12,2.2036096315581857e-06
33,430000000.0000004,22222222222222.355,6666666.666666687,-6.232829178576289e-05,1.540299348139504e-12,1.755163438623027e-06
40,523333333.333334,22222222222222.355,6666666.666666687,-4.130210286694954e-05,8.105639265025093e-13,1.2732351915514348e-06
29,376666666.66666687,22222222222222.355,6666666.666666687,-7.773056455916418e-05,2.216988241852328e-12,2.105700948307868e-06
30,390000000.0000002,22222222222222.355,6666666.666666687,-7.36133016634882e-05,2.024248846458261e-12,2.01208789393419e-06
39,510000000.0000006,22222222222222.355,6666666.666666687,-4.3908303472793655e-05,8.888431351789172e-13,1.3332990176092665e-06
49,643333333.3333333,22222222222221.96,6666666.666666627,-2.2557334107347865e-05,3.5207358509806444e-13,8.391347747508315e-07
45,590000000.0000002,22222222222221.96,6666666.666666627,-2.9933841716051147e-05,5.10265804669865e-13,1.0102136453937504e-06
54,709999999.9999995,22222222222221.96,6666666.666666627,-1.506553910181027e-05,2.218003588473752e-13,6.660335709968007e-07
55,723333333.3333328,22222222222221.96,6666666.666666627,-1.376356320352484e-05,2.0232627802840963e-13,6.361230667542398e-07
58,763333333.3333325,22222222222221.96,6666666.666666627,-1.0197095877382896e-05,1.5380459331789144e-13,5.546252668566253e-07
57,749999999.9999993,22222222222221.96,6666666.666666627,-1.1332044341764877e-05,1.684789503771682e-13,5.804807496845493e-07
56,736666666.666666,22222222222221.96,6666666.666666627,-1.2519986478966585e-05,1.8460492863133292e-13,6.076264125782105e-07
52,683333333.333333,22222222222221.96,6666666.666666627,-1.7856389551001767e-05,2.667111782904916e-13,7.303576908481098e-07
53,696666666.6666663,22222222222221.96,6666666.666666627,-1.642880650981126e-05,2.4319929043548144e-13,6.974228135578609e-07
48,630000000.0,22222222222221.96,6666666.666666627,-2.427519565269382e-05,3.8628590059330243e-13,8.789606368812e-07
9,110000000.00000006,22222222222222.453,6666666.666666701,-0.0001527734458629,5.5000374027880116e-11,-1.0488124143799988e-05
10,123333333.33333334,22222222222222.453,6666666.666666701,-0.0001672708440842,9.784247266017716e-12,-4.42362911330001e-06
5,56666666.66666666,22222222222222.203,6666666.666666664,0.0002507782469494,8.968688333100521e-09,-0.000133930491921
37,483333333.33333385,22222222222222.76,6666666.666666746,-4.94947758883114e-05,1.0682985784310072e-12,1.461710353271815e-06
51,669999999.9999998,22222222222221.96,6666666.666666627,-1.9351448130214e-05,2.9254142444004295e-13,7.64907085128701e-07
38,496666666.6666671,22222222222222.355,6666666.666666687,-4.663734135198037e-05,9.74528347199403e-13,1.3960862059338622e-06
50,656666666.6666665,22222222222221.96,6666666.666666627,-2.0917281885282243e-05,3.209141279937112e-13,8.011418451107283e-07
4,43333333.33333333,22222222222222.16,6666666.666666657,0.0006178478194729,2.878364237067777e-08,-0.0002399318335306
46,603333333.3333335,22222222222221.96,6666666.666666627,-2.795947169686564e-05,4.650531607920141e-13,9.644201996972211e-07
47,616666666.6666667,22222222222221.96,6666666.666666627,-2.607460888381397e-05,4.238407280405945e-13,9.206961801165404e-07
19,243333333.3333332,22222222222221.76,6666666.666666597,-0.000130758604246,5.2068658199026804e-12,3.2270313973999944e-06
35,456666666.66666704,22222222222222.76,6666666.666666746,-5.561826617635752e-05,1.2831477970858617e-12,1.6019661651145206e-06
36,470000000.0000005,22222222222222.355,6666666.666666687,-5.248640166133597e-05,1.170898682253356e-12,1.5302932282757812e-06
23,296666666.6666666,22222222222221.56,6666666.666666567,-0.0001067651916118,3.8061182131496556e-12,2.759028166999988e-06
43,563333333.3333337,22222222222221.96,6666666.666666627,-3.4168159747008606e-05,6.142137495759289e-13,1.1083444857768084e-06
42,550000000.0000005,22222222222221.96,6666666.666666627,-3.643706414523077e-05,6.737939094067063e-13,1.1608565022488406e-06
34,443333333.3333337,22222222222221.56,6666666.666666567,-5.889669038720193e-05,1.4059489176619916e-12,1.6768714426943954e-06
13,163333333.33333334,22222222222222.355,6666666.666666687,-0.0001685967167705,2.5509732148589158e-12,2.258748863800009e-06
41,536666666.66666734,22222222222221.56,6666666.666666567,-3.881340031232567e-05,7.39070243036318e-13,1.2157880103343e-06
8,96666666.66666669,22222222222222.16,6666666.666666657,-0.0001219642543838,2.217075337051312e-10,-2.10574230952e-05
18,229999999.99999988,22222222222221.76,6666666.666666597,-0.0001373024163083,5.488831726098503e-12,3.313255717899994e-06
44,576666666.666667,22222222222221.96,6666666.666666627,-3.200194076350934e-05,5.598510718793978e-13,1.0581597912219095e-06
